0.5597653,0.2152051,0.5993595,0.1846715,0.528459,0.1762191,0.6256195,0.2272205,0.4797911,0.187684,0.5648632,0.404085,0.3664105,0.3792549,0.5407578,0.6026269,0.3652313,0.5792514,0.4173085,0.4452729,0.546409,0.4945482,0.5268844,0.6004459,0.382528,0.5786044,0.6354663,0.7684041,0.3109549,0.765359,0.6588716,0.9670299,0.2413165,0.9528437,0.005460899,0.203929,0.03866022,0.240371,0.02072342,0.1908103,0.1116654,0.2077874,0.02004597,0.1879954,-0.02805965,0.2080861,-0.02368035,0.1675161,0.07348471,0.2248444,-0.1339279,0.1719202,-0.18411,0.3793274,-0.113535,0.2134427,-0.06447414,0.2016215,-0.05387967,0.1703409,0.01917075,0.1522121,-0.108729,0.1508271,0.1390948,0.1441204,-0.4208326,0.08024776,-0.4706424,0.882324,0.7918833,-0.6106724,-0.6261277,-0.7797205,0.525199,0.8509794,-0.9733563,0.2292979,0.9922635,0.1241502,-0.9922635,-0.1241502,-0.1205272,0.9927101,-0.005895943,0.9999827,-0.6172463,-0.78677,0.9058887,-0.4235159,-0.1898939,0.9818046,0.08058772,0.9967475,0.5429093,0.8397914,-0.3578655,0.9337732,0.1170266,0.9931288,-0.3481924,0.9374231,0,0,1
0.5563684,0.1054928,0.6002409,0.08150961,0.5200709,0.07110543,0.6279083,0.1231571,0.4784828,0.09886206,0.6103552,0.3104754,0.4114034,0.2900265,0.6473784,0.5070187,0.3814018,0.4877635,0.5200002,0.352828,0.5478637,0.3769013,0.5889526,0.5093269,0.4250859,0.4895579,0.6372081,0.7034182,0.3707718,0.6820416,0.6860463,0.8973637,0.3614902,0.8818262,-0.009892932,-0.2409119,0.0262589,-0.1851486,-0.03239852,-0.2187871,-0.03001327,-0.1408281,0.000318333,-0.1607656,0.09340414,-0.2499618,0.08474591,-0.1795718,0.2151799,-0.2685529,0.1177427,-0.174247,0.1090779,-0.1874169,0.02915009,-0.3224083,0.06417572,-0.2528633,0.1081798,-0.1810233,-0.07026824,-0.2137494,0.1549686,-0.1671235,0.1631109,-0.25618,0.2295401,-0.1620847,-0.2274454,0.9737909,0.8774523,-0.4796638,-0.7259502,-0.6877473,0.5533481,0.8329502,-0.8317619,0.5551326,0.9947593,0.1022446,-0.9947593,-0.1022446,0.1851162,0.9827167,-0.1500079,0.9886848,-0.6368911,-0.7709538,0.8323097,-0.5543109,-0.107013,0.9942576,0.06841256,0.9976571,0.2412775,0.9704561,-0.2715702,0.9624186,0.2441909,0.9697272,-0.04640833,0.9989226,0,0,1
0.5589396,0.2256041,0.5991801,0.1959274,0.5278088,0.1864776,0.6319491,0.2336924,0.4800404,0.2012482,0.5839903,0.426028,0.3861247,0.3968867,0.5810738,0.6260067,0.3736671,0.5964983,0.4584155,0.4680354,0.5417495,0.4881087,0.5458452,0.6223567,0.3969839,0.5965917,0.6669813,0.7814983,0.3159278,0.7794302,0.628156,0.9776936,0.2661147,0.9731275,-0.005449777,0.2491372,0.00936055,0.2674416,0.01120397,0.2347055,0.01363619,0.2638109,0.003623893,0.2134672,-0.06175307,0.2350247,-0.06001786,0.2227421,0.07439552,0.2458867,-0.03677762,0.2244515,0.02352743,0.2829955,-0.0821372,0.1470445,-0.09552753,0.2290328,-0.04229222,0.2219281,0.05061236,0.1357656,-0.1028422,0.1973085,-0.2064467,0.1171143,-0.2993737,0.1662165,-0.3694104,0.9292663,0.8048102,-0.5935323,-0.6226145,-0.7825287,0.6553805,0.7552989,-0.9553698,0.2954126,0.9893278,0.1457065,-0.9893278,-0.1457065,-0.01458228,0.9998937,-0.06228805,0.9980582,-0.6132917,-0.7898564,0.840412,-0.541948,-0.1907253,0.9816434,0.05429566,0.9985249,0.6056802,0.7957082,-0.4052802,0.9141926,-0.1941264,0.9809765,-0.2490657,0.9684866,0,0,1
0.5557606,0.10197,0.598775,0.07647972,0.5165173,0.07098669,0.6270083,0.1177457,0.4775293,0.1022907,0.6186379,0.3110514,0.4201846,0.2862267,0.6674929,0.5049926,0.4049384,0.4856447,0.5377344,0.3527996,0.5713683,0.3747346,0.5952562,0.50968,0.4332539,0.4857992,0.6304235,0.7065638,0.3866955,0.6803045,0.6699336,0.9026224,0.3812559,0.8802305,-0.01252048,-0.03093437,0.01482275,0.01352677,0.03324468,-0.09184887,-0.06208741,0.0696015,-0.02148342,-0.1564085,-0.2270291,-0.0987429,-0.2351864,-0.03606477,0.2939899,-0.2070073,0.1070773,-0.0005519007,0.4140392,-0.3119905,0.2413009,0.1929901,-0.2377698,-0.09999722,-0.2868123,-0.03247316,-0.2291098,-0.1015384,-0.04053205,0.03172057,0.2335496,-0.1771289,0.1718163,0.0410546,-0.1817465,0.9833454,0.8602896,-0.5098056,-0.7848656,-0.619666,0.5646647,0.8253204,-0.7797585,0.6260805,0.9922667,0.1241237,-0.9922667,-0.1241237,0.2442751,0.969706,-0.07623106,0.9970902,-0.6487927,-0.7609652,0.8321499,-0.5545508,-0.1169086,0.9931427,0.06534666,0.9978626,0.1758364,0.9844194,-0.2327919,0.9725266,0.1975506,0.9802927,-0.02719834,0.9996301,0,0,1
0.5674735,0.2578101,0.6029198,0.2225459,0.5290166,0.225856,0.6306365,0.2641606,0.4814951,0.2414032,0.5758728,0.4506143,0.3779793,0.4216634,0.6203806,0.6455991,0.3510252,0.6198388,0.5099196,0.4788706,0.5239134,0.5192919,0.5276394,0.644711,0.3864544,0.6214838,0.6466526,0.8054464,0.3098702,0.8062401,0.6582264,1.005111,0.1793381,0.9577701,0.01989745,0.1515107,0.01208116,0.1434603,-0.02492518,0.198318,0.03831583,0.1272292,-0.01383409,0.2382053,-0.02588452,0.182882,-0.01386318,0.08094867,-0.01176504,0.1797175,0.1151818,0.1031989,-0.2216084,0.2997117,0.1231485,0.1167641,-0.1088276,0.1642918,-0.08119015,0.08504067,-0.006518329,0.09375647,-0.1728532,0.04987836,0.3119588,0.1029025,-0.5738016,-0.2131137,-0.4527373,0.891644,0.7089248,-0.7052841,-0.7691398,-0.6390806,0.5543337,0.8322945,-0.9504285,0.3109432,0.9894676,0.1447543,-0.9894676,-0.1447543,0.2225387,0.9749238,-0.1347704,0.9908769,-0.552305,-0.8336422,0.8644409,-0.5027344,-0.241167,0.9704836,0.04237562,0.9991018,0.5950657,0.8036771,-0.3829207,0.9237812,0.05786927,0.9983242,-0.652661,0.7576501,0,0,1
0.5623615,0.09760857,0.6058402,0.07291847,0.5184683,0.07366313,0.6248831,0.1191501,0.4824986,0.1083933,0.6208689,0.3069631,0.4227035,0.2799358,0.660744,0.5029478,0.393522,0.4777954,0.5356626,0.3468881,0.5716054,0.3867663,0.5949482,0.5052763,0.436234,0.4794776,0.6296941,0.702235,0.38501,0.6728066,0.6523767,0.9009446,0.3807221,0.8727607,-0.06069705,-0.09479575,-0.07285072,-0.1168303,-0.1503992,0.04207142,0.04185769,-0.1562363,-0.0357996,0.1844705,0.2797788,0.09118643,0.301438,-0.1021345,-0.02152498,0.1645843,0.3732634,-0.09088293,0.1633594,0.007084103,0.4401418,0.03448822,0.1525322,0.0765932,0.2687709,-0.09978688,-0.08162227,0.1250556,0.2705883,-0.09930441,-0.1923488,0.1392407,0.1216075,-0.0997639,-0.2028763,0.9792044,0.8695745,-0.4938018,-0.8778646,-0.4789089,0.3808582,0.9246334,-0.7193922,0.6946041,0.9908269,0.1351368,-0.9908269,-0.1351368,0.1993754,0.9799231,-0.1459077,0.9892982,-0.625407,-0.7802987,0.8904172,-0.4551454,-0.1296037,0.9915659,0.06765231,0.997709,0.1737297,0.9847934,-0.2561196,0.9666451,0.113413,0.993548,-0.02143964,0.9997702,0,0,1
0.5654767,0.2445576,0.6054274,0.2144921,0.5308188,0.2085183,0.6371493,0.2531408,0.4838516,0.2256669,0.5900029,0.445141,0.3922411,0.4153036,0.6374247,0.6394377,0.3681204,0.6138438,0.7715816,0.4911073,0.5346777,0.503125,0.537676,0.6381745,0.4011173,0.6151066,0.6449002,0.8070027,0.3388817,0.8051769,0.686184,1.002695,0.2204407,0.9663344,-0.001474847,0.06149817,0.002830595,0.06691965,0.01276757,0.04539113,0.003347426,0.06649758,0.01036563,0.03928448,0.008342873,0.07859259,0.0114866,0.05383404,0.178939,0.06527559,-0.003889154,0.05219244,0.9248929,0.0337031,-0.01741048,0.03076213,-0.04130236,0.06765089,0.02537735,0.05339864,-0.02053668,0.05511723,0.09673803,0.08264516,0.1880556,0.05290068,-0.0983673,-0.006987918,-0.3717732,0.9283236,0.7990161,-0.6013098,-0.693157,-0.7207867,0.634438,0.7729738,-0.9393452,0.3429731,0.988809,0.1491872,-0.988809,-0.1491872,0.2371091,0.9714831,-0.1206037,0.9927008,0.6707848,-0.7416521,0.8327866,-0.5535942,-0.2616343,0.9651671,0.04438087,0.9990147,0.5361208,0.8441412,-0.3111781,0.9503517,0.206419,0.9784637,-0.5922049,0.8057874,0,0,1
0.560547,0.0958162,0.606472,0.07604521,0.5163962,0.0723491,0.6273705,0.1214683,0.4800364,0.1066707,0.6176758,0.3045226,0.4194169,0.2781901,0.6577855,0.5004594,0.3912664,0.4761991,0.5344042,0.3430521,0.5663843,0.3795878,0.5958041,0.5033231,0.4336894,0.4776802,0.6341509,0.6996125,0.3800958,0.6703658,0.6815037,0.893926,0.3702582,0.8701237,-0.1051458,-0.2109705,0.03016104,0.0225311,-0.2210668,-0.03453227,0.10003,-0.006840994,-0.1130295,0.09872826,0.1441336,-0.05035401,0.1656364,-0.243798,0.002835793,-0.01908555,0.3149945,-0.2200308,0.2758301,-0.2509425,0.283067,-0.2789234,0.117807,-0.05317349,0.1642423,-0.2436975,-0.06167,-0.01434202,0.2918828,-0.2061799,0.1484857,-0.06033159,0.008981596,-0.2113216,-0.210003,0.9777008,0.9185005,-0.3954199,-0.8830165,-0.469342,0.4179693,0.9084611,-0.7271947,0.6864312,0.9912946,0.1316625,-0.9912946,-0.1316625,0.2005482,0.9796838,-0.1407528,0.9900448,-0.6169063,-0.7870365,0.8755893,-0.4830563,-0.1093587,0.9940023,0.07136255,0.9974504,0.1917341,0.9814469,-0.2679685,0.9634277,0.2367636,0.9715673,-0.04918769,0.9987896,0,0,1
0.5656121,0.2576216,0.602477,0.2238433,0.5279002,0.2247915,0.638133,0.2588955,0.4800652,0.2393452,0.5881965,0.4573061,0.3904036,0.4276748,0.6480991,0.6481245,0.3520408,0.6239611,0.5098993,0.5035533,0.5217044,0.5180638,0.5495418,0.6535351,0.3929186,0.627659,0.667403,0.815117,0.3069096,0.8082205,0.7054397,1.011467,0.1908216,0.9710811,-0.003794517,0.05424698,-0.003953902,0.05407273,-0.01955454,0.07023489,0.05328565,0.01479388,-0.01363072,0.09663902,0.04410104,0.08706661,0.04688248,0.06649585,0.1107038,0.06958265,0.04595797,0.06631581,-0.7484978,0.176362,0.05260291,0.07676306,0.06616854,0.09177104,0.02782404,0.066986,0.09330411,0.07290918,0.03635122,0.07111637,0.4551941,0.09506556,-0.2803493,-0.05607174,-0.3815601,0.924344,0.7372988,-0.6755669,-0.7542369,-0.6566024,0.7131192,0.7010427,-0.9567006,0.2910739,0.988964,0.1481563,-0.988964,-0.1481563,0.2995133,0.9540921,-0.1918143,0.9814312,-0.6909989,-0.7228558,0.8483185,-0.5294863,-0.1932734,0.981145,0.01257494,0.999921,0.5893064,0.8079097,-0.4300451,0.9028074,0.1901832,0.9817486,-0.5804402,0.8143029,0,0,1
0.5546989,0.1046107,0.5982823,0.08010589,0.515695,0.07332662,0.6301642,0.1186227,0.4774286,0.1055086,0.6229727,0.3065249,0.4231691,0.2976632,0.6648024,0.5021017,0.3931276,0.4953941,0.5262682,0.3578509,0.5530317,0.3752664,0.5955176,0.5046315,0.4425229,0.4967246,0.6339167,0.7009107,0.3978809,0.6916786,0.6624717,0.8988618,0.3974589,0.8916782,-0.01555759,0.003350029,-0.0206247,-0.005762182,-0.01067391,-0.002782949,0.0107478,-0.03078662,-0.005982878,0.002832432,0.09753384,-0.1384639,0.07191066,0.1796526,-0.079031,-0.09690046,0.3503263,0.2311095,-0.1193607,-0.05865239,0.3730748,0.2611241,-0.02509932,-0.153718,0.1668938,0.1714496,-0.08894484,-0.1407388,0.2760444,0.1979047,-0.4593462,-0.07110045,0.1870857,0.1986107,-0.1581401,0.9874167,0.871668,-0.4900967,-0.7800781,-0.6256821,0.6376375,0.7703366,-0.765329,0.6436393,0.9990179,0.0443086,-0.9990179,-0.0443086,0.2091485,0.9778839,-0.1502079,0.9886544,-0.6926709,-0.7212538,0.7995209,-0.6006383,-0.1372757,0.9905329,0.09676903,0.9953069,0.1919955,0.9813958,-0.2232105,0.9747702,0.1427749,0.9897552,-0.002109855,0.9999978,0,0,1
0.5662705,0.2354329,0.6053674,0.2042651,0.5302423,0.2007634,0.6274681,0.2491155,0.4816834,0.2126812,0.5778141,0.4226075,0.378401,0.4072976,0.562728,0.6220376,0.3578123,0.6062351,0.4507497,0.4563245,0.5152088,0.4828401,0.531813,0.6172453,0.3821752,0.607262,0.6378093,0.7868472,0.2899095,0.7847079,0.603483,0.9838795,0.2467582,0.9799974,0.02485285,0.1984107,0.0418914,0.2178516,0.01509291,0.2080633,-0.03179881,0.2706853,0.01332418,0.2012325,-0.07889026,0.1562229,-0.07854686,0.151628,-0.1665997,0.1530692,-0.1698933,0.1459691,0.06835773,-0.06054211,-0.1174373,0.208054,-0.1340675,0.1446537,-0.1113825,0.1527342,-0.1097153,0.129866,-0.2225411,0.1024935,-0.2991703,0.1134025,-0.5038715,0.07715426,-0.4408148,0.8975981,0.7819381,-0.623356,-0.7205626,-0.6933898,0.442015,0.8970076,-0.9711781,0.2383552,0.9970658,0.07654906,-0.9970658,-0.07654906,-0.07543028,0.997151,-0.1029433,0.9946872,-0.5598919,-0.8285657,0.7869827,-0.6169751,-0.2300054,0.9731894,0.01887113,0.9998219,0.5299812,0.8480095,-0.4613285,0.8872294,-0.1716315,0.9851612,-0.2157562,0.9764473,0,0,1
0.5592094,0.1020638,0.6016965,0.07570385,0.5191324,0.07216674,0.6259437,0.1194311,0.4813608,0.104928,0.6277559,0.3157338,0.4303192,0.283816,0.6512942,0.5143439,0.4074922,0.482509,0.5312726,0.35436,0.5560555,0.34861,0.5980932,0.5135219,0.4467205,0.4831423,0.6365048,0.7097986,0.3936773,0.6759802,0.688907,0.9028116,0.388247,0.8759064,-0.05928364,-0.06476676,-0.02003481,-0.008327865,-0.108645,-0.006082457,0.03153127,-0.03403297,-0.03396817,0.09942129,0.2723264,0.04075334,0.281695,-0.02199748,0.03986285,0.07893625,0.1070258,-0.03618264,-0.1086771,0.1825704,0.1314108,-0.009498931,0.1891884,0.02963829,0.3069611,-0.02395389,0.04200018,0.06285734,0.3705942,-0.005584934,0.2858843,0.008943257,0.6095399,0.01182932,-0.1508591,0.9885553,0.8497415,-0.5271995,-0.8015395,-0.5979419,0.4849446,0.8745449,-0.7554329,0.655226,0.9871835,0.1595894,-0.9871835,-0.1595894,0.1176912,0.9930502,-0.1141351,0.9934652,-0.6001079,-0.7999191,0.7428163,-0.6694953,-0.1483136,0.9889404,0.08200601,0.9966318,0.1920578,0.9813836,-0.2652159,0.9641891,0.262011,0.9650649,-0.02715111,0.9996313,0,0,1
0.5653429,0.2431119,0.6037787,0.2111323,0.5290087,0.2087633,0.6367956,0.2486807,0.4828176,0.2279045,0.5857992,0.4306863,0.3859623,0.4226111,0.5548069,0.6282704,0.3619606,0.6211656,0.4050834,0.4956701,0.5190084,0.4973271,0.5493978,0.6273458,0.4045849,0.6217422,0.6467656,0.8020442,0.3097535,0.7978303,0.5908269,0.994062,0.2169668,0.9750043,-0.01329546,0.1385201,-0.005187551,0.1478363,-0.008313809,0.1331087,0.06652506,0.1020974,0.006588383,0.1807889,0.08230323,0.221612,0.08288129,0.1496361,0.1470478,0.2337415,-0.02084851,0.1419942,0.4267076,-0.4994522,-0.008608564,0.1572392,0.01394598,0.2111452,0.09412608,0.1486419,0.03522104,0.1995891,0.05806901,0.1300634,-0.02168586,0.1846315,-0.2883443,0.0161137,-0.3973107,0.9176841,0.7687153,-0.639591,-0.7266842,-0.6869717,0.6603382,0.7509683,-0.9238214,0.3828237,0.9991845,0.04037619,-0.9991845,-0.04037619,-0.1549613,0.9879205,-0.1200088,0.9927729,-0.7486178,-0.6630018,0.7852392,-0.6191925,-0.1820069,0.9832972,0.09311289,0.9956555,0.4868391,0.8734917,-0.4741569,0.8804404,-0.2796936,0.9600893,-0.4639335,0.8858701,0,0,1
0.5566936,0.1031579,0.599992,0.07815286,0.5184121,0.07099386,0.6255936,0.1211012,0.4780089,0.1004486,0.6087745,0.3108423,0.4105493,0.2842565,0.6497598,0.5065978,0.386367,0.4827891,0.5285495,0.3475127,0.5474975,0.3643114,0.5866632,0.5096163,0.428531,0.4834465,0.6245685,0.7059914,0.3821848,0.6780025,0.657998,0.9031777,0.3792674,0.8779812,-0.078843,-0.1306673,-0.03594135,-0.06043942,-0.1572424,-0.04373961,0.001497888,-0.08210483,-0.05731161,0.1105185,0.04438164,-0.05107041,0.05630208,-0.1450156,0.2017514,-0.08204964,0.4073847,-0.09274372,-0.04707505,0.09863083,0.3816431,-0.1279918,-0.1016117,-0.06568824,0.2671134,-0.1606858,-0.3536129,-0.01198111,0.3318697,-0.1449172,0.3185965,-0.09113444,-0.01893445,-0.1408154,-0.2351585,0.9719571,0.8659669,-0.5001014,-0.7656298,-0.6432815,0.5120326,0.858966,-0.8080639,0.5890949,0.9911255,0.1329291,-0.9911255,-0.1329291,0.2049264,0.9787774,-0.1209118,0.9926633,-0.6060514,-0.7954255,0.8056526,-0.5923883,-0.1105562,0.9938699,0.08990838,0.99595,0.1895261,0.9818757,-0.2317309,0.9727799,0.1671478,0.9859318,-0.01458705,0.9998936,0,0,1
0.5577745,0.2474185,0.5955124,0.2146182,0.5228551,0.2116326,0.637156,0.2422915,0.4774657,0.232604,0.5972356,0.4469305,0.3980066,0.4293855,0.5837557,0.6464757,0.3697979,0.6273861,0.4448594,0.5025735,0.527925,0.5049287,0.5504925,0.6413915,0.4067515,0.6291942,0.6664951,0.8043129,0.3258153,0.8120857,0.6039574,0.9942841,0.241055,0.9932368,-0.008624783,0.151076,0.004821477,0.1651589,-0.0164757,0.1583526,0.02132324,0.1435358,-0.008986642,0.1768388,0.05930292,0.1844962,0.06061641,0.1676206,0.157058,0.1969417,0.01142308,0.1620975,0.3967933,-0.5587029,0.087087,0.2471054,-0.03201565,0.1678641,0.006475849,0.1717615,0.04577349,0.1187153,0.05838531,0.1969174,-0.1076028,0.0838567,-0.1468405,0.1316261,-0.3007673,0.9536976,0.7547566,-0.6560049,-0.6983889,-0.7157184,0.8328716,0.5534663,-0.907788,0.4194294,0.9961447,0.08772522,-0.9961447,-0.08772522,-0.06739943,0.9977261,-0.1410437,0.9900034,-0.6944812,-0.7195109,0.7906356,-0.6122869,-0.2337152,0.9723051,0.04372462,0.9990436,0.5800131,0.8146071,-0.4046814,0.9144577,-0.3126886,0.9498557,-0.4238012,0.9057553,0,0,1
0.55598,0.1097927,0.5954434,0.07909032,0.5177985,0.07750995,0.6271603,0.1177432,0.4757103,0.1045023,0.6165565,0.3195274,0.4183813,0.2925724,0.6529276,0.5161925,0.3844537,0.4896737,0.5229598,0.364178,0.5463455,0.3722384,0.5974671,0.5186144,0.4355865,0.491831,0.642701,0.713432,0.3801374,0.6839908,0.6880543,0.9082218,0.3593349,0.882906,-0.01526177,-0.095897,-0.00801844,-0.0868536,-0.04318091,-0.06603361,-0.003975254,-0.09012876,-0.007058348,0.004468251,0.1555265,0.02735003,0.1691953,-0.1285538,0.2152023,0.0174483,0.05579161,-0.1440216,-0.4163592,0.3524013,0.08173804,-0.109231,0.1122137,0.02377528,0.1682797,-0.1284741,0.1119727,0.02383099,0.1820902,-0.1244234,0.3662692,-0.01466895,0.5043956,-0.05749749,-0.1925552,0.9812862,0.7892691,-0.6140475,-0.7636296,-0.6456547,0.6343365,0.773057,-0.8417628,0.5398475,0.9908763,0.1347751,-0.9908763,-0.1347751,0.1818553,0.9833253,-0.1696378,0.9855065,-0.6498386,-0.7600722,0.8094589,-0.5871765,-0.095447,0.9954345,0.08602604,0.9962929,0.2261692,0.974088,-0.2772458,0.960799,0.2267668,0.9739491,-0.1040125,0.994576,0,0,1
0.5522241,0.2469428,0.5909239,0.2152833,0.5180785,0.2104178,0.6354674,0.2379962,0.4720463,0.229938,0.6044691,0.4523426,0.4056907,0.4302713,0.5967589,0.652194,0.3824749,0.6289192,0.4187717,0.5609767,0.5569051,0.5310718,0.5630704,0.6480111,0.4200654,0.629754,0.6629986,0.8212577,0.3359478,0.8112044,0.631932,1.01883,0.2810038,1.003509,-0.01108889,0.1903758,-0.009447705,0.1923692,-0.00794617,0.1874069,0.02984612,0.1299324,0.006106241,0.2257622,0.1371314,0.2865775,0.145276,0.1838818,0.03076364,0.2859293,0.1422412,0.18353,-0.02106543,0.3794151,0.1713341,0.233319,0.03463687,0.2682732,0.0318279,0.1960399,0.1279386,0.2184003,0.05959481,0.2092299,0.006509092,0.203926,-0.06608632,0.1786318,-0.2357212,0.9718207,0.7739965,-0.63319,-0.682912,-0.7305007,0.8908703,0.4542578,-0.9206436,0.3904041,0.993892,0.1103568,-0.993892,-0.1103568,-0.03855079,0.9992567,-0.1160789,0.99324,-0.8899357,-0.4560861,0.8721509,-0.489237,-0.2069932,0.9783424,0.07187367,0.9974138,0.4996407,0.8662328,-0.4205879,0.9072518,-0.1553327,0.9878622,-0.2747198,0.9615243,0,0,1
0.5377749,0.1144626,0.5753914,0.08152318,0.5047063,0.07695971,0.6130614,0.1144013,0.4620809,0.1030955,0.631903,0.3207493,0.4323088,0.3080151,0.6465596,0.5202116,0.3841983,0.5021423,0.5127064,0.371607,0.5539244,0.3963451,0.6039059,0.5187801,0.4551717,0.506704,0.6490631,0.7136154,0.4115548,0.70189,0.6693158,0.9125873,0.4137542,0.9018779,-0.01728811,-0.1525349,-0.008606611,-0.1428453,-0.009735369,-0.159315,-0.01227473,-0.1386005,-0.007583716,-0.155777,0.2922197,-0.0823357,0.2959144,-0.1622215,0.2207008,-0.07594881,-0.02308882,-0.21764,-0.1647143,0.204312,-0.0003928187,-0.18197,0.1720267,-0.09609286,0.1893073,-0.1474023,0.1620885,-0.09376658,0.2712359,-0.1275007,0.1081184,-0.08762445,0.4701945,-0.1210154,-0.02834499,0.9995982,0.7523286,-0.658788,-0.661373,-0.7500572,0.7534001,0.6575624,-0.8525068,0.5227162,0.9979709,0.06367118,-0.9979709,-0.06367118,0.07328302,0.9973112,-0.2405527,0.9706361,-0.669266,-0.7430229,0.8486304,-0.5289861,-0.1399857,0.9901536,0.1143143,0.9934446,0.225786,0.9741769,-0.2180846,0.9759299,0.1012635,0.9948596,0.01099721,0.9999395,0,0,1
0.5407521,0.2275934,0.5770537,0.1932104,0.5036514,0.1940741,0.6222654,0.2145622,0.4571319,0.2124026,0.6220441,0.425763,0.4220532,0.4276708,0.6435117,0.6246076,0.3843805,0.6240907,0.4633536,0.5377566,0.5549409,0.5196438,0.5970303,0.6241927,0.4582878,0.624361,0.6773418,0.8073595,0.369167,0.8034071,0.7075363,1.005067,0.3052671,0.9929243,-0.00415659,0.2055753,-0.01546861,0.1927291,0.001730295,0.1988051,-0.008783366,0.1796452,-0.0106537,0.1723167,-0.05161894,0.2313891,-0.05397451,0.1731541,0.3215057,0.2659436,-0.1397389,0.1607563,0.412627,-0.21235,-0.1544985,0.1358012,-0.08592114,0.2277008,-0.04179396,0.1709924,0.00887476,0.1920704,-0.0674385,0.1587063,0.07816447,0.1840961,-0.2000212,0.1244873,-0.09351671,0.9956177,0.7260323,-0.6876606,-0.7420123,-0.6703863,0.9042343,0.4270367,-0.9303904,0.3665701,0.9999545,-0.009538829,-0.9999545,0.009538829,0.1073375,0.9942226,-0.1883639,0.9820993,-0.90079,-0.434255,0.852802,-0.5222344,-0.1250693,0.992148,0.181173,0.9834512,0.4015573,0.9158338,-0.445604,0.8952302,0.1509726,0.988538,-0.3194997,0.9475864,0,0,1
0.5440071,0.1070516,0.581966,0.0745075,0.5100552,0.07034647,0.62282,0.1033337,0.4691038,0.09903422,0.651413,0.3113058,0.4516062,0.3025159,0.642177,0.5110924,0.3980964,0.4952248,0.4961753,0.3744047,0.5630645,0.3821516,0.616152,0.5081729,0.4680277,0.5018406,0.6560717,0.7041485,0.4245821,0.6970648,0.6828079,0.9023534,0.4097035,0.8965106,-0.01260374,-0.1457272,0.0460799,-0.08281776,0.003827141,-0.161265,0.08473439,-0.1341156,0.0007410725,-0.1656464,0.2296627,-0.1458756,0.2298182,-0.1494617,0.3342696,-0.1397023,-0.0298479,-0.2125416,-0.05024729,0.2214418,0.04961698,-0.100661,0.2248442,-0.146736,0.09307895,-0.135891,0.2050672,-0.1426568,0.2595639,-0.09517794,-0.01418013,-0.1070204,0.495619,-0.07069134,0.03751278,0.9992961,0.7591783,-0.6508828,-0.6790376,-0.7341035,0.8170807,0.5765234,-0.819027,0.573755,0.9990337,0.04394948,-0.9990337,-0.04394948,-0.0461802,0.9989331,-0.2675493,0.9635442,-0.7300081,-0.6834384,0.8248404,-0.5653657,-0.1763049,0.9843356,0.08210705,0.9966235,0.199598,0.9798778,-0.217228,0.9761209,0.1336813,0.9910244,-0.07439269,0.997229,0,0,1
0.5394652,0.2553648,0.5737295,0.2189511,0.5029435,0.2212157,0.6199915,0.2379202,0.4584537,0.2440336,0.6218218,0.4532104,0.4218407,0.4559614,0.6380476,0.6525511,0.375871,0.6506067,0.4456716,0.5978569,0.5750148,0.6690924,0.5765563,0.6480207,0.45808,0.6526508,0.704639,0.8016267,0.3430732,0.8162767,0.7650396,0.9922881,0.2977974,1.011085,-0.00399006,0.2147726,-0.03865272,0.1772508,0.001029735,0.2092933,-0.02382759,0.1455208,0.013943,0.2373291,0.01832101,0.2302389,0.0177097,0.2035372,0.1055964,0.2257571,-0.1494886,0.1741833,0.1415309,0.06568272,-0.1530286,0.3982288,-0.1487738,0.2015133,0.04644714,0.1985386,0.139764,0.01373009,-0.165513,0.07476181,0.4478428,-0.04840799,0.04914818,0.1424522,-0.08816988,0.9961054,0.6852863,-0.7282737,-0.7304345,-0.6829827,0.9252403,0.3793814,-0.8897961,0.4563583,0.9999054,-0.01375496,-0.9999054,0.01375496,0.08112908,0.9967036,-0.2298485,0.9732264,-0.9618802,-0.2734712,0.9957193,0.09242833,-0.2263275,0.9740513,0.1811965,0.9834469,0.6404138,0.76803,-0.575034,0.8181296,0.3020027,0.9533071,-0.2263789,0.9740394,0,0,1
0.5426166,0.09780982,0.5840476,0.06981928,0.5071434,0.06257279,0.6233959,0.1006691,0.4693224,0.0952772,0.655987,0.3066528,0.4568576,0.2880127,0.6613014,0.5065821,0.3946839,0.4781033,0.5274582,0.3579686,0.5659114,0.3747536,0.6242814,0.5041237,0.472175,0.4874253,0.6644122,0.7000561,0.425559,0.6819168,0.7004564,0.8967814,0.3991515,0.8801658,-0.009241081,0.02936067,-0.03573572,-0.01182347,0.02030365,-0.001573695,0.01240534,-0.0690608,-0.0757683,-0.09946211,0.1047876,0.03747353,0.1074141,0.008359525,-0.2049164,0.05676849,0.05183723,-0.009407142,0.2339422,-0.4005748,-0.03370925,-0.1576491,0.02311892,0.02515447,0.07732123,0.01077585,0.04544645,0.02064226,0.2070077,0.04397525,0.2738009,-0.01495983,-0.730297,0.02098217,0.06902844,0.9976147,0.8286204,-0.5598109,-0.7094648,-0.7047408,0.7869661,0.6169963,-0.7564185,0.654088,0.9956474,0.09320021,-0.9956474,-0.09320021,0.02657205,0.9996469,-0.3108682,0.950453,-0.6692162,-0.7430678,0.8561372,-0.5167486,-0.1585281,0.9873545,0.07658705,0.9970629,0.200654,0.9796622,-0.23308,0.9724576,0.1802212,0.9836261,-0.1320376,0.9912447,0,0,1
0.5420893,0.244532,0.5794619,0.2113161,0.5055907,0.2103581,0.6220899,0.2374477,0.4642322,0.2384556,0.6408281,0.4439455,0.4408315,0.4451106,0.6620923,0.6428118,0.404559,0.6417938,0.4758347,0.5699549,0.5782623,0.5426619,0.6004741,0.6398321,0.482947,0.640626,0.6734118,0.826058,0.3772314,0.810403,0.7484121,1.011463,0.328557,1.00439,-0.0108412,0.1654451,-0.02590117,0.1474788,-0.02232896,0.1772255,-0.05066568,0.194561,0.01743926,0.2512848,0.08177983,0.1927527,0.08078151,0.1445419,0.05831131,0.1954353,0.1319346,0.15483,0.08709372,0.1157767,-0.04450872,-0.3058695,0.02364862,0.1818794,0.05175816,0.1510733,0.2127816,0.1208916,-0.1190128,0.05845907,0.631576,0.01369202,-0.02769693,0.08423566,-0.006297827,0.9999802,0.7474514,-0.6643164,-0.7299719,-0.683477,0.852559,0.522631,-0.8271713,0.56195,0.999983,-0.00582546,-0.999983,0.00582546,0.106321,0.9943319,-0.1813626,0.9834163,-0.9312877,-0.3642845,0.8685169,-0.4956597,-0.2017698,0.979433,0.2105774,0.9775772,0.3646885,0.9311295,-0.5285777,0.8488849,0.3750011,0.9270244,-0.2433724,0.969933,0,0,1
0.5517961,0.1006939,0.5935987,0.0732615,0.5174234,0.06438251,0.6248303,0.1123075,0.4745953,0.09018478,0.6159899,0.312113,0.4180925,0.283189,0.6570445,0.5078539,0.3635073,0.4755961,0.5197991,0.3623765,0.5375773,0.3771093,0.5932178,0.5108123,0.4378107,0.4822146,0.6348214,0.7064373,0.3819212,0.6742468,0.6704375,0.9032405,0.3846898,0.8742277,-0.02021874,-0.03825608,0.02503435,0.02577328,-0.009717894,-0.04832464,-0.01357986,0.05808792,-0.05116862,-0.1121847,0.08848241,-0.02860101,0.08533974,-0.007447585,0.1327534,-0.0376565,0.3586037,0.07947975,0.340133,-0.2463941,0.2356461,-0.1533244,0.02309185,-0.03561647,0.2035515,-0.01760302,-0.1012034,-0.007354118,0.2560958,-0.001965523,-0.522584,0.08980992,0.3868755,-0.00189373,-0.1737744,0.9847854,0.8360533,-0.5486483,-0.6874539,-0.7262281,0.6246318,0.7809194,-0.8565612,0.5160455,0.9894873,0.1446196,-0.9894873,-0.1446196,0.2052727,0.9787048,-0.2729258,0.9620351,-0.6862271,-0.7273874,0.8703498,-0.4924339,-0.1138607,0.9934968,0.09859115,0.995128,0.2080181,0.978125,-0.2794474,0.960161,0.1780802,0.984016,0.01384288,0.9999042,0,0,1
0.5394655,0.2389412,0.5763353,0.2051682,0.5062698,0.2015508,0.6208365,0.2279638,0.4620864,0.2249566,0.6450943,0.4430963,0.4452739,0.4346226,0.6731147,0.6411238,0.4091727,0.6313374,0.4802812,0.5880646,0.5996743,0.5704348,0.6074561,0.6395228,0.4852303,0.6305907,0.6914145,0.8210468,0.3996581,0.8113595,0.7704093,1.004785,0.3532847,1.005909,-0.01101629,0.08152299,0.0003286861,0.09350073,-0.02289846,0.09173979,-0.006665023,0.1077101,0.006239439,0.1580974,0.1126934,0.09511957,0.1136394,0.06862736,0.0553353,0.1040969,0.09477262,0.0652595,0.08925182,-0.04008733,0.05733687,-0.06768518,0.07056737,0.08751944,0.1064542,0.07010615,0.1663004,0.04626934,0.1274259,0.08018526,0.8388022,-0.1114729,0.2163832,0.1035903,0.02859265,0.9995911,0.7373952,-0.6754615,-0.6639147,-0.7478083,0.8900239,0.4559137,-0.8836675,0.4681152,0.9991021,0.04236848,-0.9991021,-0.04236848,0.1401019,0.9901371,-0.1805061,0.9835739,-0.9641671,-0.2652958,0.9525082,-0.304513,-0.188191,0.9821324,0.1997823,0.9798403,0.4197923,0.9076203,-0.4278614,0.9038444,0.394974,0.9186923,-0.2318665,0.9727476,0,0,1
0.5362146,0.3330228,0.5761143,0.3028896,0.5427018,0.2834455,0.6247934,0.3143066,0.511367,0.3224086,0.7305341,0.5078814,0.5305566,0.5108778,0.8442335,0.6724185,0.4402484,0.689328,0.8607156,0.8717383,0.5066497,0.5006725,0.647961,0.6900398,0.5238183,0.7107643,0.6685404,0.4911014,0.4693018,0.5183378,0.7187607,0.6846935,0.4161727,0.711152,-0.004884893,-0.0106186,-0.00678271,-0.01316839,0.002406084,-0.009785082,-0.008558693,-0.004901531,0.01701997,0.003045578,-0.008768547,-0.003473606,-0.008973572,-0.0134731,-0.09666925,0.06571406,0.4634801,0.5947727,-0.03544077,0.06274469,-0.05213495,-0.6383924,-0.008095509,-0.003168216,-0.001133269,-0.01317469,-0.007139087,-0.003069864,0.007841511,-0.01576755,-0.006463634,-0.003244698,-0.006857984,-0.01968475,0.4716538,0.8817838,0.7979946,-0.6026646,0.129745,-0.9915474,0.9735814,0.2283401,-0.6266964,0.7792635,0.9998878,-0.01498223,-0.9998878,0.01498223,0.5684966,0.8226857,-0.4515409,0.8922505,0.08241056,0.9965984,0.3320062,-0.9432772,-0.4128659,0.9107918,-0.03369183,0.9994323,0.1028973,-0.994692,-0.2725822,-0.9621325,0.2511015,0.9679607,-0.2656454,0.9640709,1,0,0
0.5033683,0.1909115,0.536633,0.1535824,0.4705985,0.1531472,0.5840664,0.169396,0.4370399,0.1902124,0.6606201,0.3794928,0.4607123,0.3855634,0.6952797,0.5764667,0.3823237,0.5695613,0.7196794,0.7749728,0.3195247,0.7594463,0.6282434,0.5768548,0.4833434,0.5842788,0.6697038,0.3811994,0.4400612,0.3890184,0.6888276,0.580283,0.3959805,0.5841001,0.03991359,-0.06505291,-0.01788398,-0.1191922,-0.00124825,-0.0305332,-0.02119365,-0.1091558,0.01708791,-0.013669,-0.2562921,-0.02116895,-0.2539752,0.08327936,-0.1284937,-0.0423208,-0.1062703,0.1484277,-0.3429134,-0.01226021,0.4888893,0.3789094,-0.2449135,-0.01929183,-0.1817942,0.07547447,-0.309224,-0.03326576,0.06908217,0.01450972,-0.2699526,-0.03691552,-0.03515144,-0.008127874,0.2864898,0.9580833,0.6652939,-0.7465816,-0.655396,-0.7552854,0.9486687,0.3162718,-0.6711703,0.7413032,0.9995393,-0.03035278,-0.9995393,0.03035278,0.1732978,0.9848694,-0.3919429,0.9199895,0.1219988,0.9925303,-0.3139949,0.9494247,-0.1618832,0.9868099,0.1131556,0.9935773,0.2073017,-0.9782771,-0.2164112,-0.9763023,0.09561925,0.995418,-0.2204034,0.9754089,0,1,0
0.5461035,0.3245391,0.5941931,0.31085,0.5195817,0.2821529,0.6360385,0.3382173,0.4705887,0.2921368,0.6962155,0.5116748,0.4966295,0.5245366,0.7526405,0.7035503,0.4244806,0.7110695,0.821051,0.8914865,0.4969637,0.5246662,0.6104536,0.6923538,0.4760892,0.723479,0.6652833,0.5000164,0.3970869,0.5397437,0.7100819,0.6949345,0.3495072,0.7340018,0.02879937,0.006541407,0.06501002,0.05974533,0.004357161,0.01767289,0.05639574,0.07591748,-0.00144731,-0.001230969,-0.1451616,0.1028939,-0.1453575,0.1000142,-0.1776587,0.1139524,-0.1890426,0.08588147,-0.175399,0.1131374,0.04595495,-0.6947059,-0.1922601,0.08402292,-0.2305747,0.1001439,-0.1902752,0.08458342,-0.2168116,0.09392234,-0.1941686,0.08549839,-0.2062791,0.09665112,0.2515948,0.9678326,0.9617918,-0.2737822,-0.5304359,-0.8477251,0.8369074,0.5473445,-0.9798613,0.1996792,0.9979301,-0.06430864,-0.9979301,0.06430864,0.2821252,0.9593776,-0.3607446,0.9326646,0.3420523,0.9396809,0.3624158,-0.9320165,-0.4288095,0.903395,-0.1027014,0.9947122,0.2741486,-0.9616873,-0.3950114,-0.9186762,0.2239931,0.9745908,-0.2378985,0.97129,1,0,0
0.5122662,0.2096245,0.5443559,0.1712807,0.4767246,0.1744565,0.5933882,0.1810701,0.4284222,0.1873745,0.6323586,0.4079767,0.4323626,0.4092484,0.6878356,0.6001284,0.367362,0.598391,0.7483795,0.7907444,0.3006505,0.786937,0.6060252,0.6062354,0.4633437,0.6068342,0.6480242,0.410695,0.4139244,0.413036,0.7037295,0.6027807,0.3638614,0.6066689,0.01929387,-0.1805875,0.05434983,-0.1524613,0.004163365,-0.1655937,0.03666767,-0.02497177,0.02662299,-0.06137093,-0.2274906,-0.1323422,-0.2278171,-0.1646204,-0.2607807,-0.1225883,0.110634,-0.03224584,-0.3871444,-0.08030948,-0.031302,-0.07973165,-0.2916688,-0.1403819,-0.1925636,-0.1700003,-0.2448113,-0.1305873,-0.3183449,-0.139911,-0.227225,-0.1356466,-0.2175438,-0.1125527,0.100472,0.9949399,0.641794,-0.7668771,-0.7108324,-0.7033615,0.980646,0.1957895,-0.9660488,0.2583599,0.9999798,-0.006358623,-0.9999798,0.006358623,0.2773848,0.9607589,-0.3250029,0.945713,0.3027197,0.9530796,-0.3335573,0.9427298,-0.131667,0.991294,0.1549055,0.9879293,0.2099949,-0.9777025,-0.2470964,-0.9689909,0.2785262,0.9604287,-0.2503153,0.9681643,0,1,0
0.5432569,0.3459566,0.5840583,0.317056,0.5093511,0.3092088,0.6339972,0.3195271,0.4620154,0.2931051,0.7137318,0.5217265,0.5149823,0.544057,0.7917823,0.7058681,0.4931826,0.7428653,0.600139,0.6486593,0.6894892,0.7811233,0.6079351,0.691453,0.5151545,0.7440569,0.5819855,0.4931436,0.4220314,0.5670595,0.5875047,0.6930674,0.4463457,0.765576,0.02017425,0.009993045,0.02511082,0.01622103,0.01811285,0.01182478,0.02675576,0.003966833,0.01867056,0.01011739,-0.1205029,0.1211839,-0.1202914,0.1231234,-0.1733513,0.1502911,-0.09552141,0.1269109,-0.5631809,-0.2085093,0.127788,-0.1039729,-0.1896048,0.08964357,-0.1736398,0.1280382,-0.3099894,0.08045815,-0.1847075,0.1335678,-0.4080027,0.1001225,-0.1820778,0.1332577,0.3555009,0.9346759,0.8160283,-0.578012,-0.6781147,-0.7349561,0.998778,0.04942236,-0.9467146,-0.3220736,0.9937474,-0.111652,-0.9937474,0.111652,0.3902525,0.9207079,-0.1089989,0.9940419,-0.9582164,-0.2860442,0.9815336,0.1912898,-0.5289835,0.8486322,0.0008606911,0.9999996,-0.129748,-0.991547,-0.4656154,-0.8849872,0.02759606,0.9996191,0.1215716,0.9925827,1,0,0
0.5153407,0.2072442,0.5492214,0.1704732,0.4809939,0.1709082,0.5972207,0.1844756,0.4360956,0.1929114,0.6541887,0.4046178,0.4542027,0.4022493,0.6899656,0.6013918,0.3986616,0.5943826,0.7505603,0.7919916,0.3245217,0.7801332,0.6171183,0.6011522,0.4832664,0.6001263,0.6459318,0.4032387,0.4299023,0.4073771,0.7159029,0.5905994,0.3748705,0.5996568,-0.05163266,-0.06405459,0.0279863,0.004122606,-0.09932225,-0.02094806,0.007305406,0.08331247,-0.08457571,0.01007242,0.207936,-0.1783192,0.2046304,-0.03982924,0.2698499,-0.1892275,0.3927884,0.01806078,0.1760084,-0.158506,-0.2370022,-0.1921449,0.2477979,-0.1706548,0.3289838,-0.05671311,0.2813801,-0.1658672,-0.09942276,0.04445611,0.2858867,-0.1675484,-0.05890885,0.05621314,0.1942751,0.9809471,0.6776139,-0.7354178,-0.6869352,-0.7267187,0.9599865,0.2800462,-0.8979666,0.4400637,0.9999299,0.01184225,-0.9999299,-0.01184225,0.1788846,0.9838701,-0.2777056,0.9606662,0.3029737,0.9529989,-0.3706993,0.928753,-0.185352,0.9826722,0.1453185,0.9893849,0.1440677,-0.9895679,-0.2668205,-0.9637462,0.3498554,0.9368038,-0.275159,0.9613987,0,1,0
0.4959164,0.3360355,0.5436046,0.3210074,0.45214,0.3118771,0.5913557,0.3358341,0.4030252,0.3212437,0.7459821,0.4762225,0.5466846,0.4594753,0.879996,0.6246822,0.4805973,0.6482409,0.7375033,0.4843404,0.4451018,0.451416,0.7549055,0.6760233,0.6688953,0.6177931,0.7708454,0.4766595,0.5666633,0.445896,0.8512846,0.6597703,0.6451978,0.6298317,-0.03295776,0.00408634,-0.03134267,0.008811809,-0.05510416,0.0317165,-0.02593118,-0.005028947,-0.06964715,-0.004805592,0.03842308,-0.03995439,0.03981865,-0.08193605,0.06057926,-0.05859455,0.2635643,0.1047258,0.03293499,-0.03296531,0.2714151,-0.7110174,0.136147,-0.03274455,0.1044507,-0.122918,0.08736921,-0.03957519,0.1387682,-0.145705,0.04415804,-0.01749567,0.430335,-0.1586624,0.7520844,0.6590668,0.9537625,-0.3005612,-0.8755278,-0.4831677,0.9550224,0.2965336,-0.9822968,0.1873314,0.996488,0.08373591,-0.996488,-0.08373591,0.6700693,0.7422985,-0.3304363,0.9438283,-0.7124636,-0.7017091,-0.1774776,-0.9841248,0.04461676,0.9990042,0.6110538,0.7915891,0.07969975,-0.9968189,-0.51116,-0.8594856,0.402196,0.9155536,0.3926724,0.9196784,1,0,0
0.5061907,0.2026962,0.5400136,0.1658721,0.4759495,0.1628782,0.5885121,0.178033,0.4286625,0.1791244,0.6564663,0.3970362,0.4564721,0.3955103,0.6993298,0.592389,0.3837859,0.5818346,0.7553914,0.7843711,0.3350405,0.7758033,0.632733,0.5956231,0.4883265,0.5929573,0.6591541,0.3973759,0.4285486,0.4020997,0.7191485,0.5881656,0.3671685,0.5924481,0.02611278,-0.02998974,0.05814994,-0.001409201,0.03845994,-0.03946998,0.04766848,0.04331915,-0.001381414,-0.1427042,-0.1761523,0.01679221,-0.1763314,0.03604908,-0.04045973,-0.01131948,-0.07681314,0.07591601,-0.1059013,0.008202035,-0.1069811,0.06841792,0.1418693,0.06358915,-0.04812807,0.01680456,-0.4331447,-0.04217106,-0.1447194,0.04615651,-0.7792321,0.07855358,-0.07432554,0.06934239,0.2513924,0.9678853,0.6764567,-0.7364824,-0.6048244,-0.7963589,0.9699715,0.2432186,-0.9457404,0.3249231,0.9999709,0.007629691,-0.9999709,-0.007629691,0.2143174,0.9767641,-0.3634309,0.9316212,0.2803078,0.9599102,-0.243727,0.9698439,-0.1186666,0.9929342,0.1592722,0.9872347,0.1321056,-0.9912357,-0.2988897,-0.9542876,0.2999717,0.9539481,-0.3069003,0.9517417,0,1,0
0.5832792,0.3335322,0.6211185,0.3008491,0.5457693,0.3004715,0.6667917,0.3211952,0.4972256,0.3124512,0.6426938,0.5337855,0.442887,0.5249964,0.5873914,0.7259876,0.4203048,0.7237175,0.4802716,0.557093,0.5576479,0.5783322,0.4879096,0.6604418,0.3519241,0.7031136,0.5265274,0.4642056,0.2420264,0.5360133,0.4693438,0.6558564,0.2668748,0.7344637,0.08665478,-0.0006409286,0.0746398,-0.01822237,0.07736672,0.008533193,0.07663129,-0.02241301,0.07769254,0.009896884,-0.1208386,0.02980791,-0.1207023,4.742196E-05,-0.3901406,0.05288765,-0.1272301,-0.0006369862,-0.2889899,-0.04114559,-0.2445773,-0.2470705,-0.2714413,-0.08114517,-0.3659706,-0.0341179,-0.2176932,-0.07452197,-0.3813153,-0.02454396,-0.3033619,-0.08963618,-0.215071,-0.00815545,-0.2024439,0.9792939,0.7567874,-0.6536611,-0.7501984,-0.6612129,0.9134631,0.4069217,-0.9708732,0.239594,0.999034,0.04394531,-0.999034,-0.04394531,-0.2765122,0.9610105,-0.1129109,0.9936051,-0.5355987,-0.8444726,0.6867155,-0.7269263,-0.7739213,0.6332818,-0.4548147,0.8905861,0.1930892,-0.9811812,-0.5494881,-0.8355016,-0.2859178,0.9582542,0.1242421,0.9922519,1,0,0
0.5208659,0.1998529,0.5569104,0.1652005,0.4893827,0.1610096,0.6036714,0.1829038,0.443196,0.1801612,0.6455635,0.4031117,0.4457944,0.3935038,0.6831145,0.5995549,0.3914886,0.5859898,0.7463269,0.7893026,0.3271583,0.7753614,0.5983956,0.5974701,0.4699794,0.5920361,0.6156976,0.3982199,0.4239468,0.3974057,0.5696517,0.5928472,0.371235,0.5903344,-0.04730583,0.02049128,-0.08149036,-0.01685795,-0.04819079,0.02120805,-0.005488121,-0.1753287,-0.03557808,0.05311375,0.236737,-0.01094918,0.2361546,0.0007957899,0.04649283,0.03008873,0.1976843,-0.0098582,0.07208356,0.02165606,0.2177783,-0.002974065,0.1265429,-0.03609959,0.1361182,0.01422582,-0.4198068,-0.1207128,0.3028602,-0.02890365,-0.5431235,-0.1479025,0.3298118,-0.02144205,0.124065,0.9922741,0.7208898,-0.6930497,-0.6296647,-0.776867,0.9352205,0.3540658,-0.9237345,0.3830333,0.9988455,0.04803955,-0.9988455,-0.04803955,0.1877552,0.9822158,-0.2715287,0.9624304,0.316062,0.9487385,-0.3216519,0.946858,-0.2358392,0.9717921,0.1209252,0.9926617,0.08650988,-0.996251,-0.230163,-0.973152,-0.2302295,0.9731364,-0.263559,0.9646432,0,1,0
0.5347649,0.3273084,0.5789283,0.303865,0.4953374,0.2965598,0.6163623,0.3370115,0.4531672,0.3234237,0.6898713,0.5106411,0.4906496,0.5282685,0.7964345,0.6798874,0.464048,0.7264915,0.6099417,0.6076347,0.6435694,0.814651,0.6462007,0.7058151,0.5285599,0.7246426,0.6578336,0.5061537,0.4265551,0.5526106,0.6880555,0.7038571,0.3570701,0.7401522,0.007664545,-0.03034977,0.2278945,0.07628519,0.01051455,-0.03409105,0.227515,0.07671521,-0.03064176,-0.08114134,0.2849561,-0.08631873,0.2878535,-0.03656981,0.2479858,-0.06163169,0.2279359,-0.04240415,0.302372,-0.3099627,0.191098,0.04490327,0.3185172,-0.0780707,0.305084,-0.03970748,0.2406744,-0.08630984,0.2476068,-0.008622614,0.1062416,-0.05409357,-0.101758,-0.05794781,0.2774778,0.9607321,0.8832682,-0.4688681,-0.7885493,-0.6149716,0.7486805,0.662931,-0.8434052,0.5372781,0.9961084,-0.08813678,-0.9961084,0.08813678,0.5328158,0.8462313,-0.1330079,0.991115,-0.9324638,-0.3612635,0.8976065,0.4407977,-0.218353,0.9758699,0.1895512,0.9818708,0.05816431,-0.998307,-0.5100238,-0.8601603,0.1511094,0.988517,-0.3474247,0.9377078,1,0,0
0.5191677,0.2086726,0.5511203,0.1702144,0.4867568,0.1705998,0.5991994,0.1839404,0.439316,0.1863914,0.629401,0.41236,0.4295574,0.4044531,0.6629257,0.6095302,0.3864602,0.5997545,0.7281428,0.7985983,0.5044369,0.4382568,0.5974905,0.6097979,0.4613483,0.6019103,0.6245494,0.4116368,0.4146371,0.4074416,0.6897111,0.6007239,0.3407264,0.5932835,0.007958215,0.007965541,0.003578681,0.004154015,0.008168436,0.007786139,0.005077503,-0.0007218774,0.004400004,-0.002129299,-0.0305111,0.0133146,-0.03037513,0.009517919,-0.02691383,0.01271619,-0.01377637,0.01347474,-0.0359255,0.01592021,0.5004175,-0.854858,-0.03820931,0.01213092,-0.03000356,0.009458245,-0.07459906,0.005803799,-0.02385055,0.007939632,-0.05747191,0.0002397571,-0.03748158,0.00274429,0.05155772,0.99867,0.6390525,-0.7691632,-0.6482171,-0.7614555,0.9615812,0.2745207,-0.9488151,0.3158321,0.9992182,0.03953457,-0.9992182,-0.03953457,0.1676235,0.9858511,-0.2154862,0.9765069,0.3260854,0.9453403,0.5898834,-0.8074884,-0.1595527,0.9871894,0.1589547,0.9872859,0.1352945,-0.9908054,-0.2335559,-0.9723434,0.3258086,0.9454358,-0.3695536,0.9292094,0,1,0
0.5461295,0.3327109,0.5883406,0.3059112,0.5049422,0.3043629,0.6052021,0.3529823,0.4568377,0.3179995,0.4896497,0.4562283,0.2896606,0.4583182,0.5569314,0.6445715,0.2021911,0.6381767,0.3981649,0.5229443,0.3227656,0.7977442,0.3904343,0.6298841,0.311471,0.6571254,0.4652714,0.4444132,0.222049,0.4782295,0.4822775,0.6436889,0.2429499,0.6771344,0.03582423,0.00544371,0.02904079,-0.01638116,0.01752675,0.0206286,0.01541821,-0.008492196,-0.03399496,-0.01014938,-0.2420631,0.01673933,-0.242535,0.00559794,-0.2661794,0.02746877,-0.3437851,-0.01026367,-0.2478226,-0.00221881,-0.3402206,0.2715265,-0.2807346,0.0004416243,-0.2889966,0.01729478,-0.2531606,0.008998812,-0.2756088,0.009853175,-0.263193,0.01014745,-0.2538418,0.008929883,-0.7823717,0.6228119,0.8442224,-0.535993,-0.8237455,-0.5669598,0.3372311,0.9414219,-0.9620898,0.2727329,0.9999454,-0.01044929,-0.9999454,0.01044929,0.3364086,0.9417161,-0.4373475,0.8992926,-0.7938326,-0.6081364,0.6028728,0.7978373,-0.4960766,0.8682787,0.1090521,0.994036,0.3741851,-0.927354,-0.4471098,-0.8944791,0.08503065,0.9963784,0.1045044,0.9945244,1,0,0
0.5168542,0.212732,0.5484289,0.173963,0.4837713,0.1752418,0.5983062,0.177463,0.4354244,0.1879924,0.6585734,0.4070937,0.4585887,0.4095679,0.6804898,0.6058892,0.404393,0.6020849,0.7138512,0.8030871,0.326369,0.7862377,0.6196667,0.6032729,0.493639,0.6064726,0.6537483,0.4061981,0.4430232,0.4129835,0.6837724,0.6039317,0.376188,0.6014856,-0.04219201,0.1752494,-0.1001352,0.1258993,0.01606657,0.1214136,-0.02637078,-0.2665921,-0.06834219,-0.122896,0.01577175,0.1026256,0.01621089,0.2235692,0.05969762,0.09792299,-0.06391992,0.20153,0.01226692,0.106116,0.08781876,0.2679734,-0.1534622,0.07124502,0.337833,0.1740913,0.4720825,0.1502646,0.1467628,0.2211808,0.01301118,0.2359124,0.1678723,0.2287028,0.2086345,0.9779937,0.6314932,-0.7753814,-0.6616592,-0.7498047,0.997547,0.0699997,-0.966938,0.2550116,0.9999235,-0.01237094,-0.9999235,0.01237094,0.1095817,0.9939778,-0.2709787,0.9625853,0.1668069,0.9859896,-0.3901202,0.920764,-0.1945338,0.9808958,0.1752511,0.9845238,0.1704079,-0.9853736,-0.2530789,-0.9674457,0.1501209,0.9886677,-0.334176,0.9425107,0,1,0
0.5457485,0.3301784,0.5917493,0.3497724,0.581482,0.2952054,0.6294563,0.382608,0.5321858,0.3035649,0.6770843,0.5409707,0.4788902,0.5141553,0.871517,0.5878316,0.2916047,0.5843277,0.6981708,0.4880764,0.410779,0.7449436,0.5531526,0.697945,0.4528431,0.7124519,0.5584224,0.4980145,0.3735971,0.5288217,0.6053921,0.6924208,0.3194181,0.7213435,0.09631559,0.02220402,0.08037306,0.1267301,0.3973165,0.02507716,0.07161503,0.1374758,0.3804021,-0.02920047,0.1614185,0.05113636,0.168181,-0.02342834,0.1873593,-0.03582792,-0.02387869,-0.3234062,0.2525839,-0.1780187,-0.35597,0.2197256,-0.1131806,-0.09349998,-0.09433541,-0.01701783,-0.2341755,-0.1053831,-0.07790212,-0.02431661,-0.2347034,-0.1052553,-0.02324093,-0.006924216,0.1611939,0.9869227,0.9200169,0.3918786,0.7146702,-0.6994615,0.7541405,0.6567131,-0.9859245,0.1671911,0.9909709,0.1340771,-0.9909709,-0.1340771,0.9721632,0.2343046,-0.9364271,0.3508621,-0.8667309,-0.4987762,0.5958717,0.8030797,-0.6196585,0.7848716,-0.1302352,0.9914831,0.02634913,-0.9996528,-0.3962303,-0.9181512,0.2348483,0.972032,-0.2708946,0.9626091,1,0,0
0.5154461,0.219961,0.5473592,0.1814701,0.480359,0.1843395,0.5972971,0.1789792,0.4306326,0.1895637,0.673256,0.413744,0.4733102,0.4090873,0.6886451,0.6131511,0.4206582,0.6020323,0.7475469,0.8042809,0.3663213,0.7945096,0.6389709,0.6107834,0.5160789,0.6044609,0.6640465,0.4123616,0.4466671,0.4168922,0.7143288,0.6059376,0.3844094,0.6069553,-0.004158881,0.01497215,-0.008985417,0.01075812,-0.011806,0.02190862,-0.006480031,-0.0212095,-0.0138695,0.008889931,0.01915618,0.00598741,0.01901018,0.01112375,0.02749325,0.00541382,0.03063793,0.01444773,-0.02771266,0.02604584,-0.3930849,0.9096518,0.0169142,0.005602547,0.06407519,0.003389456,-0.03246511,-0.003161965,-0.0286182,0.02793072,0.05036964,-0.01741154,-0.0367435,0.02534526,0.2891853,0.9572732,0.6382621,-0.7698191,-0.7017421,-0.712431,0.9987584,-0.04981698,-0.9945265,0.1044842,0.9997289,0.02328336,-0.9997289,-0.02328336,0.07694542,0.9970353,-0.26326,0.9647249,0.2945086,0.9556488,-0.2716845,0.9623864,-0.171426,0.985197,0.2138433,0.976868,0.1253781,-0.992109,-0.3470588,-0.9378434,0.2514118,0.9678802,-0.3112886,0.9503154,0,1,0
0.5993362,0.3748925,0.6488461,0.3818758,0.5709531,0.3337294,0.6822817,0.4190519,0.5907019,0.379664,0.575588,0.5568962,0.3808739,0.511219,0.3761878,0.541419,0.2301052,0.3798081,0.4518026,0.7265741,0.4195166,0.4440212,0.3757092,0.5638565,0.1950071,0.585067,0.4238797,0.3697442,0.1180672,0.4004586,0.3794771,0.5647529,0.04240017,0.5855923,0.06336409,0.04356335,0.06555822,0.03305506,0.08300287,0.02443836,0.05658991,0.04251973,0.1965845,0.09105171,-0.1061409,-0.02613312,-0.1081747,-0.01794101,-0.2347124,0.2092009,-0.02795579,-0.2196659,-0.3199326,0.2603166,0.04270442,0.1084331,-0.1189037,-0.1058981,-0.3189623,-0.2106458,-0.1013735,-0.1020553,-0.3249697,-0.2082117,-0.2457695,-0.1022317,-0.3404446,-0.214084,-0.6055262,0.7958254,0.9901986,0.1396662,-0.5676628,-0.8232612,0.6687115,0.7435219,0.3949762,0.9186913,0.9735707,0.2283859,-0.9735707,-0.2283859,-0.9970012,-0.0773856,-0.7538433,-0.6570542,0.378074,0.9257754,0.9470571,0.3210653,-0.9993943,0.03480166,-0.929334,0.3692401,0.2408527,-0.9705617,-0.3846993,-0.9230419,-0.2220133,0.9750436,-0.378335,0.9256688,1,0,0
0.5102489,0.2226809,0.5407728,0.1830792,0.4750685,0.1871515,0.5902954,0.1761866,0.4250892,0.1885904,0.7107318,0.3959639,0.5107331,0.3952479,0.7567934,0.5905875,0.4627952,0.5894178,0.7119844,0.7855033,0.3808734,0.77187,0.6780252,0.5932715,0.5408789,0.5929629,0.6854612,0.3934098,0.4966542,0.3979138,0.7114794,0.5917102,0.4303856,0.5866159,-0.0107433,0.01342672,-0.01523931,0.009797241,-0.01383211,0.01638502,-0.01623978,-0.01553419,-0.01869854,-0.01513102,0.1091149,-0.04343707,0.1089158,-0.03085701,0.1174705,-0.04534115,0.142708,-0.02127784,-0.03181973,-0.05727056,-0.4156936,0.825858,0.1050167,-0.04409928,0.11679,-0.03199526,0.04982276,-0.04914331,0.1289433,-0.03490662,0.08319573,-0.05241859,0.1177786,-0.03868413,0.5024177,0.864625,0.6104779,-0.7920333,-0.7036079,-0.7105885,0.9904528,-0.1378524,-0.9995858,0.02877771,0.9999936,0.003580153,-0.9999936,-0.003580153,0.2303078,0.9731178,-0.2396892,0.9708497,-0.2240449,0.9745789,-0.4096093,0.9122611,-0.1635331,0.9865379,0.1507291,0.9885752,0.03717989,-0.9993086,-0.2211234,-0.9752458,0.1300913,0.991502,-0.3313429,0.9435104,0,1,0
0.5197323,0.3227836,0.5694627,0.3279685,0.4784077,0.2946362,0.5762698,0.377503,0.4377983,0.323806,0.6716061,0.5206654,0.4718325,0.5111523,0.7050341,0.3234788,0.2764918,0.4682337,0.8961989,0.3822668,0.1746127,0.6403403,0.634806,0.7172506,0.5093176,0.707608,0.6534508,0.5181216,0.443083,0.518894,0.6886514,0.7149995,0.3598016,0.7007297,-0.01308403,-0.006121413,0.04299061,0.09698917,-0.03991619,0.02086202,0.02020774,0.102813,-0.09867305,-0.0191483,-0.009769008,-0.005483933,-0.009634471,-0.008549025,-0.3481752,-0.3391565,-0.001618285,-0.1343563,0.4425604,-0.08999999,-0.5938551,0.3855491,0.00202091,-0.003099313,0.01664564,-0.01269425,0.0543464,-0.001519821,0.02010773,-0.01392659,-0.01483339,0.01713968,0.03096219,-0.008763495,0.2599349,0.9656262,0.9946088,0.1036984,-0.8264931,-0.5629469,0.1361418,0.9906894,-0.8121879,0.583396,0.9988681,0.04756569,-0.9988681,-0.04756569,0.1671401,-0.9859332,-0.9767036,-0.2145928,0.9558238,0.2939401,-0.5093951,0.8605328,-0.1840004,0.9829262,0.1874254,0.9822788,0.09322375,-0.9956452,-0.3311731,-0.9435701,0.1760033,0.9843895,-0.4164067,0.9091785,1,0,0
0.5155976,0.2156734,0.5498743,0.1792713,0.4837362,0.1771396,0.5976084,0.1941527,0.4363392,0.1930622,0.6610795,0.4120504,0.4611058,0.4088099,0.6842199,0.6107072,0.4108301,0.6023877,0.7117106,0.8088088,0.3480584,0.7922816,0.6264317,0.6090264,0.4870386,0.6071215,0.657216,0.4114097,0.4542269,0.4098313,0.6879604,0.6090326,0.3871629,0.5982522,-0.03241333,0.02888243,-0.07503258,-0.0137251,-0.04670317,0.04047946,-0.0455239,-0.09571145,-0.02721856,0.1057058,0.2924522,-0.06790777,0.2907112,0.002042862,-0.1510542,0.009078854,0.09577867,-0.04344503,0.43153,-0.02904417,0.3371569,0.04498618,0.1655943,-0.08814194,0.2875161,0.002461757,0.3618399,-0.06249334,0.1798007,0.01888207,0.3086906,-0.05386098,0.2607872,0.04868782,0.2274752,0.9737839,0.6855335,-0.7280411,-0.637229,-0.7706745,0.9546817,0.2976287,-0.9479392,0.3184515,0.9998687,0.01620263,-0.9998687,-0.01620263,0.1157019,0.993284,-0.2513784,0.9678889,0.1374537,0.9905082,-0.3138587,0.9494697,-0.1732391,0.9848798,0.1296639,0.991558,0.1539212,-0.9880831,-0.1640585,-0.9864506,0.1537222,0.9881141,-0.33532,0.9421043,0,1,0
0.5747339,0.3458778,0.6219082,0.3624484,0.6099732,0.3104067,0.6572888,0.3977784,0.6481568,0.342687,0.6848358,0.5773011,0.495362,0.5132722,0.7438506,0.3862062,0.3455822,0.3807354,0.5497387,0.3380338,0.5389059,0.4319797,0.4888128,0.6169873,0.3589387,0.6595209,0.5384654,0.4232488,0.3082787,0.4660434,0.4874469,0.6166321,0.2368211,0.6528423,-0.02140452,-0.0585854,-0.02483269,-0.04678038,0.1300766,-0.0533823,-0.02389328,-0.04771009,0.2085837,-0.09268253,0.2182766,0.06066609,0.2415063,-0.06765501,0.2637998,0.07213764,0.3466556,-0.2855734,0.2107515,0.1984713,0.3378408,-0.244646,0.207444,0.01807626,0.2522821,-0.05725945,0.2233427,0.02184188,0.2174424,-0.04961216,0.06605598,0.009228177,0.2307756,-0.04426393,0.07682503,0.9970446,0.9434859,0.3314127,0.7047856,-0.7094204,0.7076123,0.7066008,0.7636713,0.6456053,0.9473688,0.3201443,-0.9473688,-0.3201443,0.295074,-0.9554744,-0.7488989,-0.6626843,-0.9705594,-0.2408619,0.9666181,0.2562215,-0.9801149,0.198431,-0.6821165,0.7312436,0.2482632,-0.9686926,-0.2533004,-0.9673877,-0.2550925,0.9669167,-0.3572876,0.9339944,1,0,0
0.5119627,0.2092543,0.5442547,0.1710807,0.4784724,0.1721275,0.5931894,0.1813471,0.4339597,0.1949007,0.6665964,0.4006659,0.466606,0.4026265,0.6970837,0.5983286,0.4161726,0.5961633,0.7169292,0.7973415,0.3352641,0.7790672,0.6282634,0.596958,0.495872,0.6004736,0.6679823,0.4009416,0.4523922,0.4052571,0.6957775,0.5990008,0.3871238,0.5943074,-0.02486035,0.0657993,-0.05261048,0.04163867,0.007274492,0.03580559,-0.03532884,-0.03039844,-0.02539872,-0.02410171,0.268584,-0.06680902,0.268406,0.05019746,0.6491496,-0.1111376,0.1190714,0.01364631,0.1643011,-0.03943552,-0.2202835,-0.1223316,0.3291536,-0.05460528,0.2234151,0.05705605,0.159777,-0.09189504,0.2110242,0.05980025,0.1937949,-0.09655473,-0.02803202,-0.01629116,0.2731925,0.9619594,0.6458412,-0.7634718,-0.6698049,-0.7425372,0.9786934,0.2053274,-0.8902541,0.455464,0.999952,-0.009802878,-0.999952,0.009802878,0.1524365,0.9883133,-0.252167,0.9676838,0.09922773,0.9950647,-0.4045422,0.9145194,-0.1916647,0.9814605,0.1463303,0.9892358,0.1985946,-0.9800817,-0.217399,-0.9760828,0.138976,0.9902958,-0.3263421,0.9452517,0,1,0
0.5948364,0.3610214,0.6437955,0.3711706,0.6448106,0.3626248,0.6811854,0.4043669,0.6366721,0.411958,0.6731862,0.5962459,0.486434,0.5246664,0.4733769,0.6049788,0.4260387,0.3340033,0.3264425,0.4692943,0.2458105,0.2472982,0.4731873,0.5955835,0.2907776,0.5661221,0.5156255,0.4001378,0.2119572,0.3823088,0.585035,0.5877074,0.1228321,0.5613526,0.04026248,0.02767999,0.04529063,0.01387007,0.1058737,0.0780818,0.04789639,0.01114532,0.1063561,0.07816374,-0.03676783,0.04857451,-0.02868431,0.02230449,-0.3328861,0.2389727,0.08570111,-0.06913247,-0.6863028,0.1030534,-0.2283489,-0.3139705,-0.07469802,-0.07049719,-0.14748,-0.1226205,-0.03703062,-0.06593361,-0.1583422,-0.118327,0.06673574,-0.07589713,-0.1569114,-0.1176078,-0.07513136,0.9971736,0.9791824,0.2029824,0.9994857,0.03206731,0.7477984,0.6639258,-0.1627708,0.9866639,0.9337608,0.3578978,-0.9337608,-0.3578978,-0.9990463,0.04366428,-0.3019763,-0.9533154,-0.734672,-0.6784226,-0.9011413,-0.4335255,-0.9999945,-0.00331223,-0.9782819,0.2072787,0.212191,-0.9772282,-0.3941019,-0.9190667,0.3470474,0.9378476,-0.4456257,0.8952194,1,0,0
0.5135297,0.2197504,0.5466939,0.182332,0.479688,0.1829436,0.5966257,0.1849415,0.4307575,0.1932299,0.6950969,0.4020191,0.495098,0.4027033,0.7055879,0.6017438,0.4584028,0.5993082,0.7374935,0.7991825,0.3925386,0.7881517,0.6520402,0.5973294,0.5278224,0.600008,0.6826719,0.3996891,0.4862211,0.4043825,0.7268152,0.5947567,0.4184511,0.5925505,0.02234743,0.01325403,0.02435645,0.0150292,0.04890271,-0.01229186,0.02524416,0.0005302392,0.0001927258,-0.1663177,-0.2751813,0.1693597,-0.2752241,0.160362,-0.3047647,0.171048,0.07498444,0.2459677,-0.280488,0.1672188,0.1416987,0.2700506,-0.2963665,0.164763,-0.169111,0.1445482,-0.2509251,0.1714787,0.06596234,0.08536097,-0.2514312,0.1715931,-0.1094522,0.0277311,0.4078388,0.913054,0.6632841,-0.7483677,-0.6768333,-0.7361363,0.9986372,0.05218891,-0.9786096,0.205726,0.9999941,-0.003421306,-0.9999941,0.003421306,0.05245536,0.9986233,-0.1834758,0.9830242,0.1595276,0.9871935,-0.3293214,0.9442179,-0.215283,0.9765517,0.1636219,0.9865231,0.1531583,-0.9882016,-0.2080065,-0.9781275,0.2207166,0.975338,-0.3388501,0.9408404,0,1,0
0.6022105,0.3592701,0.6511766,0.3693855,0.6111678,0.3100789,0.6809658,0.4095427,0.5807905,0.3497931,0.6225579,0.5720007,0.4303461,0.516732,0.4924726,0.4200868,0.2311468,0.4988535,0.3102226,0.3377161,0.2911557,0.3080685,0.4227187,0.5639818,0.2314242,0.5374702,0.4369591,0.3644894,0.1390131,0.3601,0.5064405,0.5520324,0.05330638,0.5408052,0.008258644,0.003260887,0.009890183,-0.003180525,-0.05032654,-0.04970915,0.002307668,0.00326723,-0.1207512,-0.06087163,-0.174193,-0.01717225,-0.1783309,-0.003941439,-0.2267658,0.0189172,-0.1771431,-0.02801359,-0.7912381,-0.1753328,0.1070801,-0.08567405,-0.1739721,-0.02570615,-0.1844458,-0.040498,-0.1597423,-0.02502975,-0.1549067,-0.05811262,0.0329263,-0.03033292,-0.1682039,-0.06402826,-0.3787926,0.9254816,0.9793217,0.2023088,0.1791454,-0.9838226,0.5957842,0.8031446,-0.6075467,0.794284,0.9610589,0.2763438,-0.9610589,-0.2763438,-0.6504261,-0.7595695,-0.9959965,-0.08939252,-0.9112501,-0.4118535,0.3000446,-0.9539251,-0.9991959,-0.04009455,-0.9946095,0.1036912,0.07120206,-0.9974619,-0.4620554,-0.886851,0.3474067,0.9377146,-0.4285336,0.9035259,1,0,0
0.5170212,0.2205307,0.5495352,0.182546,0.4840174,0.1829707,0.599343,0.1869258,0.4346731,0.1910414,0.6786344,0.4124735,0.4786625,0.4091248,0.7038994,0.6108713,0.435179,0.6043406,0.7337285,0.8086344,0.5610194,0.4488922,0.6374677,0.608191,0.5178832,0.6052414,0.6753183,0.4118053,0.466231,0.4120264,0.7184359,0.6071022,0.4101935,0.6040155,0.01911895,0.1515066,0.001535421,0.1363397,0.07222755,0.1037415,0.00611954,0.08846205,0.01880522,-0.1537128,-0.04650555,0.1842598,-0.04614569,0.1615496,-0.2272977,0.2086364,0.1046246,0.1961242,-0.5610046,0.2636422,-0.06811956,0.05367885,0.05685857,0.2064625,0.1020317,0.1328546,-0.1318026,0.1685789,0.368944,0.05829249,-0.1374903,0.1698338,0.03855347,-0.0331961,0.3081363,0.9513422,0.6502804,-0.7596942,-0.6600748,-0.7511998,0.9961561,0.08759591,-0.9868868,0.1614136,0.9998598,0.01674384,-0.9998598,-0.01674384,0.1263249,0.9919889,-0.2174173,0.9760787,0.1491454,0.9888152,0.6292021,-0.7772417,-0.2058333,0.978587,0.1961036,0.9805832,0.1892528,-0.9819284,-0.258261,-0.9660752,0.2155879,0.9764844,-0.2801874,0.9599453,0,1,0
0.5765725,0.3457859,0.6255092,0.3560429,0.564734,0.2972076,0.6540695,0.3970832,0.5267773,0.3297543,0.6148321,0.5461472,0.4158283,0.52621,0.5256454,0.367134,0.2913161,0.3696957,0.3797211,0.2303638,0.4735272,0.4521526,0.4399902,0.643257,0.3028853,0.6912671,0.486681,0.4487835,0.2701962,0.4939566,0.4985305,0.6484321,0.2117346,0.6852215,0.0404789,0.02419022,0.03619257,0.04662896,0.3078403,-0.1136749,-0.0622572,0.1311546,0.2869438,-0.1368764,-0.0501388,-0.01647116,-0.05287025,0.0094591,-0.2525058,0.07365064,-0.0355306,-0.004458123,-0.1841909,-0.002211119,-0.09886168,0.1484565,-0.2288378,-0.2943407,-0.3490747,-0.1652559,0.1766559,-0.2307993,-0.2089141,-0.1925101,-0.1522179,-0.189805,-0.2589897,-0.2072596,-0.3062117,0.9519634,0.9787328,0.2051388,-0.2367699,-0.9715658,0.5712058,0.8208069,-0.7591347,0.6509337,0.9950189,0.09968638,-0.9950189,-0.09968638,-0.4459337,-0.895066,-0.6225612,-0.7825712,-0.7296214,-0.6838514,0.9110553,0.4122841,-0.8742095,0.485549,-0.5647152,0.8252859,0.2334541,-0.9723678,-0.1634453,-0.9865524,0.05924746,0.9982433,-0.2923079,0.9563243,1,0,0
0.5141989,0.2215327,0.5432734,0.1808551,0.4778858,0.1871618,0.5932531,0.1794304,0.4289197,0.1972771,0.6996675,0.4008965,0.4996884,0.4037948,0.7351422,0.5977253,0.442218,0.5953598,0.7748029,0.7937534,0.5801188,0.4505033,0.6599791,0.5969191,0.5305837,0.6013941,0.7048336,0.4020138,0.4731868,0.4098071,0.7472404,0.5974662,0.4262184,0.6042138,0.01316481,0.1135243,-0.03358343,0.07936488,0.02458035,0.1013904,-0.02834384,0.1880174,0.02963234,0.1264274,0.06245057,-0.02081192,0.06343464,0.2011007,-0.6004931,0.1197998,0.1585487,0.2301011,-0.2685556,0.05790871,-0.1940723,-0.1210702,0.0925552,-0.01467218,0.1412058,0.1892244,0.1699807,0.002853472,0.2986256,0.1407828,0.2194311,-0.007757364,0.1546026,0.1070069,0.4273951,0.904065,0.5814911,-0.8135528,-0.7262623,-0.6874177,0.9995939,-0.02849371,-0.9793225,0.2023054,0.999895,-0.01449138,-0.999895,0.01449138,0.1773739,0.9841436,-0.287352,0.9578251,0.1983031,0.9801407,0.6895036,-0.7242822,-0.1984418,0.9801127,0.1544763,0.9879965,0.2242726,-0.9745265,-0.2869845,-0.9579352,0.212034,0.9772623,-0.2348422,0.9720335,0,1,0
0.606657,0.3590253,0.6558515,0.3500864,0.6302575,0.3149457,0.6871248,0.3890989,0.6488192,0.3613727,0.5906458,0.4760201,0.4268927,0.5908457,0.4416786,0.3425706,0.2327254,0.5428973,0.4002411,0.5382309,0.2155485,0.7421584,0.3906497,0.4747705,0.2280423,0.5694327,0.5604753,0.369133,0.09392382,0.4210675,0.5168933,0.5643268,0.040828,0.6138908,0.01870031,0.002949957,0.01797038,-0.00171618,0.1251161,-0.007514823,0.0137252,0.001893793,0.2291685,0.01414347,0.04900628,-0.06116609,0.1187127,0.1591933,0.06964394,-0.08626018,0.1262363,0.1201564,0.3322074,0.1145245,-0.1628361,0.7903704,0.03731706,-0.1577009,0.0903111,-0.03235651,0.1709168,-0.02815598,0.004923072,0.02607254,0.006250096,-0.02880448,0.005968368,0.02636203,-0.4894387,0.8720377,0.9838893,-0.1787788,0.4720105,-0.8815929,0.6254676,0.7802502,0.3712332,0.9285396,0.8187654,-0.5741283,-0.8187654,0.5741283,-0.7448362,-0.6672474,-0.9708367,-0.2397418,-0.2071871,0.9783014,-0.08588416,0.9963051,-0.9999805,-0.006248056,-0.994252,-0.1070651,0.849128,-0.5281871,-0.6705925,-0.741826,-0.2179101,0.9759688,-0.2654791,0.9641166,1,0,0
0.5165464,0.2137,0.5488911,0.1755711,0.4816656,0.1778765,0.5978373,0.1857822,0.4375074,0.2013297,0.6550445,0.4093532,0.4550481,0.4105656,0.6660683,0.6090492,0.400863,0.6030857,0.7212794,0.8012775,0.5465065,0.4660165,0.6226372,0.6067102,0.4887797,0.6077006,0.6508688,0.4087127,0.4287804,0.4169125,0.6940147,0.6040034,0.3837455,0.6117762,-0.006923479,0.002591427,-0.01010561,-0.0002024535,-0.008210382,0.003826586,-0.008141612,-0.008262906,0.001182895,0.02678024,0.0790389,-0.01492213,0.07886264,0.001681721,-0.01589864,-0.0004035716,0.0782989,0.001523334,0.4285692,0.8700088,0.1137459,0.03564057,0.07135739,-0.01612194,0.07811811,0.001809692,0.04246493,-0.02111377,0.06080815,0.006910496,0.03294984,-0.01891341,0.07756639,0.01109095,0.1924998,0.981297,0.6468951,-0.762579,-0.6976163,-0.7164716,0.9789245,0.2042226,-0.8831633,0.4690657,0.9999816,-0.006062089,-0.9999816,0.006062089,0.0551188,0.9984798,-0.2709258,0.9626002,0.2760559,0.9611416,0.7282175,-0.685346,-0.1620364,0.9867848,0.1686576,0.9856747,0.1411578,-0.9899871,-0.2999961,-0.9539405,0.2157298,0.9764531,-0.2251747,0.9743184,0,1,0
0.5974274,0.3540905,0.6399454,0.3804006,0.6404723,0.3795294,0.647837,0.4297739,0.6151614,0.4226497,0.4150961,0.4905267,0.5970727,0.5734997,0.2247699,0.429078,0.397087,0.5711069,0.06578659,0.3077342,0.2318319,0.6837601,0.2186375,0.4530564,0.4030282,0.5250564,0.3944505,0.5483968,0.225025,0.4338706,0.3843336,0.7481408,0.1850483,0.6298346,0.006174513,-0.005990022,-0.001028303,0.01305487,0.08829152,0.05995543,-0.02926295,0.02700821,0.08818897,0.0598954,-0.1608125,-0.05690743,0.238408,0.08630702,-0.2067911,0.02187377,0.2237247,0.161477,-0.4904096,-0.2866419,-0.1648936,0.2783146,-0.1609802,-0.05603803,0.2444322,0.04629261,-0.1244217,0.1958469,0.2046102,0.1006372,-0.1943802,0.2039728,0.2197726,0.1043141,-0.4567149,0.8896131,0.8503605,0.5262006,0.8608984,0.5087768,0.1578331,0.9874658,-0.5062186,0.8624052,-0.9098831,-0.4148648,0.9098831,0.4148648,-0.9516309,-0.3072436,-0.9999284,-0.01196414,-0.7949165,-0.6067189,-0.8262755,0.5632663,-0.982293,-0.1873516,-0.9702223,-0.2422163,0.879065,0.4767019,-0.8900162,-0.4559289,-0.05058422,0.9987198,-0.1998834,0.9798197,1,0,0
0.5196139,0.213358,0.5546901,0.1777258,0.4863412,0.176036,0.5996431,0.199617,0.4421938,0.1995095,0.6353155,0.4155121,0.4353924,0.4099633,0.6596447,0.6140268,0.3876067,0.6041707,0.549263,0.4472458,0.5401791,0.4748585,0.5997609,0.6123264,0.4649028,0.6077741,0.6484519,0.4183439,0.4264188,0.4115116,0.7094519,0.6088144,0.3683815,0.6029056,-0.06239215,-0.01515951,-0.03189254,0.01389155,-0.04186096,-0.03386725,-0.07709408,0.1182673,0.06353057,0.2328741,-0.08035847,-0.06630804,-0.08437875,0.03922217,-0.2017412,-0.04995334,-0.2488013,0.001629145,-0.5617152,0.1675497,-0.03725089,0.2361468,-0.06317396,-0.06317396,-0.04222443,0.03311173,0.2461518,0.004363183,-0.3228382,0.08007043,0.4129418,-0.04593763,-0.09979772,0.1533347,0.07870048,0.9968984,0.7015243,-0.7126456,-0.6654524,-0.7464402,0.89906,0.4378254,-0.8829487,0.4694695,0.999615,0.02774387,-0.999615,-0.02774387,0.1216462,0.9925735,-0.2389286,0.9710371,-0.5519086,-0.8339047,0.762862,-0.6465613,-0.1777727,0.9840716,0.1475521,0.9890543,0.2434546,-0.9699124,-0.19242,-0.9813127,0.305,0.9523523,-0.2901865,0.9569701,0,1,0
0.5985717,0.3712779,0.6475099,0.3815269,0.6413618,0.3454128,0.679529,0.4199298,0.6535228,0.3939113,0.66882,0.5805334,0.4701201,0.5577652,0.4821036,0.5088604,0.4187335,0.3644794,0.4219543,0.6996012,0.2200026,0.3419844,0.4688602,0.584545,0.2701223,0.5587069,0.5155627,0.3900742,0.1812203,0.3795522,0.4538057,0.5803006,0.09742298,0.5611507,0.005506108,0.01475109,0.02116085,-0.02328917,-0.007591137,-0.0696973,0.02762155,-0.0282895,-0.03070191,-0.06111598,0.0541727,-0.07391722,-0.008744364,0.1091651,-0.02696558,0.0607626,0.06860291,0.08079362,-0.5260525,0.7540655,0.04509442,0.1819242,0.05289562,-0.02985013,-0.008814598,0.1195111,-0.04483738,-0.06571241,0.05038296,0.08424251,0.1549036,0.06606472,0.04497131,0.08178861,-0.145508,0.9893571,0.9787659,0.2049811,0.8558033,-0.5173014,0.6403804,0.7680578,0.2432204,0.969971,0.993499,0.1138407,-0.993499,-0.1138407,-0.9335816,-0.3583649,-0.256933,-0.9664292,-0.3007467,0.9537041,-0.9936545,-0.112475,-0.9997988,0.02005786,-0.9999889,0.004708469,0.2335122,-0.9723539,-0.4445102,-0.8957738,-0.3087845,0.951132,-0.4189867,0.9079924,1,0,0
0.5202262,0.2109253,0.5566732,0.1766964,0.4880749,0.1726332,0.6033557,0.1946056,0.4419288,0.1918825,0.647112,0.4107352,0.4471385,0.4074813,0.7372409,0.5892759,0.3349394,0.5730451,0.5780188,0.4682455,0.494768,0.4528168,0.6001589,0.6051456,0.4873402,0.6033992,0.7977998,0.5745172,0.4391184,0.4092996,0.7856517,0.7741479,0.3891775,0.602964,-0.003094739,-0.004723522,0.001995516,0.000308388,-0.004547194,-0.003527948,-0.002070207,0.01376953,0.0002133293,0.01105503,0.02788081,-0.006477097,0.02791206,-0.008846183,0.03648752,-0.01068853,-0.01082067,-0.03191114,0.03635376,-0.0105126,-0.004217174,-0.0233836,0.07417917,0.007837624,0.0129377,-0.005461528,0.1575952,-0.2963531,0.2569324,-0.5670724,0.1696863,-0.2954262,0.193116,-0.5779175,0.1344949,0.9909143,0.7289388,-0.6845789,-0.6430268,-0.7658437,0.9336511,0.3581838,-0.9229221,0.3849868,0.9998676,0.01626968,-0.9998676,-0.01626968,0.4506443,0.8927037,-0.5609952,0.8278191,-0.7961101,-0.6051518,0.799143,-0.6011411,-0.2347654,0.972052,0.2010085,0.9795895,0.9882042,-0.1531419,-0.2411087,-0.9704981,-0.06074041,0.9981536,-0.2497046,0.9683221,0,1,0
0.5566586,0.3387795,0.6050873,0.3512159,0.5076033,0.3291058,0.5694925,0.3863301,0.5147959,0.3785858,0.5735194,0.5078065,0.3752897,0.534358,0.6704323,0.3328554,0.3257408,0.7281231,0.4713699,0.3135124,0.2630161,0.5382136,0.374015,0.5218773,0.1753289,0.530398,0.195972,0.4307691,0.01382798,0.4124257,0.3197151,0.5878921,0.09280716,0.5961709,-0.05216546,-0.029611,-0.03776164,-0.05654193,-0.05107289,-0.03808647,-0.09438348,-0.07476504,-0.04638448,-0.03859328,0.08614676,0.1058902,0.08829315,0.1482238,0.390613,0.06479379,0.2491951,0.5227281,0.01084397,-0.1855644,0.1633399,0.02133027,0.0802673,0.1815184,0.07831015,0.2142702,-0.2265045,-0.1808195,0.08429679,0.2057153,-0.02057859,-0.2316717,0.2298848,0.1886046,-0.4112704,0.9115134,0.9685733,0.2487284,-0.9811055,-0.1934737,-0.7118967,0.7022842,0.1438511,0.9895993,0.9911486,-0.1327574,-0.9911486,0.1327574,0.4845646,-0.8747554,-0.2477443,0.9688255,-0.9953121,-0.09671525,-0.3136236,-0.9495474,-0.9975221,0.07035404,-0.999804,-0.01979977,-0.8902148,-0.455541,-0.8075044,-0.5898615,0.6187155,0.7856151,0.3948958,0.9187258,1,0,0
0.5157408,0.2021085,0.5509385,0.1665963,0.4821016,0.1651165,0.5973712,0.1851437,0.4443104,0.1978552,0.6736121,0.396722,0.4737135,0.3903528,0.7275673,0.5893066,0.4073426,0.579019,0.5849267,0.4491151,0.5460146,0.4349007,0.6211382,0.5897155,0.4987286,0.5887823,0.70968,0.4103825,0.406164,0.4114922,0.755888,0.6049714,0.3521208,0.6040522,-0.01220342,0.006295553,-0.008967723,0.009479136,-0.01601877,0.00973653,-0.003923332,-0.00277359,-0.02729423,-0.002929938,-0.02636176,-0.0005923991,-0.02718775,0.02209799,-0.1443302,0.03560019,-0.187945,-0.02847265,-0.2376908,0.1258136,0.175905,0.2618726,0.1253569,0.04584344,0.0006910074,0.01874156,-0.3934535,-0.2958306,0.2107696,-0.1042247,-0.5442168,-0.2550473,0.2879547,-0.08122317,0.28961,0.9571447,0.7039557,-0.7102439,-0.6727824,-0.7398403,0.9286535,0.3709483,-0.7558244,0.6547743,0.9994928,0.03184586,-0.9994928,-0.03184586,0.2697763,0.962923,-0.3318546,0.9433306,-0.7132031,-0.7009574,0.6933603,-0.7205911,-0.2623695,0.9649675,0.1250759,0.9921471,0.4427094,-0.8966652,-0.4628234,-0.8864505,0.2310398,0.9729443,-0.270216,0.9627997,0,1,0
0.6118515,0.3696528,0.6588089,0.3868284,0.6601967,0.38241,0.6842902,0.4298482,0.6504892,0.4314586,0.6300067,0.5482295,0.4301623,0.5561194,0.592287,0.3518187,0.2425992,0.4866927,0.4140293,0.442506,0.1876579,0.2943871,0.4302809,0.5377598,0.2317978,0.5305951,0.463957,0.3406154,0.09196904,0.3875988,0.362587,0.5130222,0.01191574,0.5708786,0.07273924,0.04209253,0.06891588,0.06275419,0.1846029,0.09506448,0.04884118,0.08166683,0.224049,0.1208556,-0.04646408,0.0008537781,-0.04802406,0.04047337,-0.2797286,-0.4164179,-0.07756707,0.0970103,-0.2961171,-0.1603792,-0.3983195,-0.1344161,-0.06052511,-0.09627813,-0.1615674,-0.2034525,-0.1347592,-0.1213231,-0.163234,-0.2018377,-0.1581794,-0.1334891,-0.1889845,-0.2114482,-0.4088351,0.9126083,0.9391487,0.3435111,0.9669032,0.2551437,0.5096258,0.8603962,-0.194149,0.9809721,0.9992216,-0.03944933,-0.9992216,0.03944933,-0.1885983,-0.9820543,-0.9378158,-0.3471333,-0.8912885,0.4534368,-0.2747064,-0.9615282,-0.9986289,-0.05234867,-0.9918229,-0.1276216,0.1683807,-0.985722,-0.6991436,-0.7149813,-0.5068502,0.8620341,-0.4002665,0.9163988,1,0,0
0.5161702,0.2046878,0.5522713,0.1700944,0.4845037,0.1659938,0.5997635,0.1857306,0.4434799,0.1945779,0.6772062,0.3949908,0.4772064,0.3953028,0.7195801,0.5904503,0.4166009,0.5858992,0.7454224,0.7887738,0.3661568,0.7794331,0.637872,0.5910847,0.5046544,0.5934104,0.6806629,0.395716,0.4558834,0.399448,0.7123103,0.5931962,0.4196016,0.5961296,-0.003578051,0.001943906,-0.005385958,1.766808E-05,-0.005186149,0.003238263,-0.003346774,-0.005711377,-0.00256225,0.007157012,0.02705536,-0.01431903,0.02685646,0.0007184007,0.05385913,-0.01938181,-0.006311902,-0.008604581,0.05958753,-0.0200952,-0.4744494,0.8626351,0.04153515,-0.01119458,0.02832451,0.0005171514,0.010313,-0.01907606,0.07153888,-0.01241027,-0.05117312,-0.005271002,0.1024503,-0.005708533,0.3051802,0.9522946,0.7220223,-0.6918698,-0.6333309,-0.7738811,0.9498439,0.3127243,-0.8204752,0.5716822,0.9999988,-0.001560151,-0.9999988,0.001560151,0.2118695,0.9772979,-0.3030275,0.9529818,0.1292115,0.9916171,-0.2522202,0.9676698,-0.1966706,0.9804696,0.1372401,0.9905378,0.2139541,-0.9768437,-0.243855,-0.9698117,0.1582372,0.9874011,-0.181409,0.9834077,0,1,0
0.5310115,0.3384354,0.5782619,0.3220832,0.4895641,0.310469,0.6123511,0.3586609,0.4521578,0.3436468,0.6961343,0.5314356,0.4962885,0.5235832,0.8183738,0.6897312,0.300298,0.5634295,0.6642755,0.5622411,0.4434249,0.4237345,0.5272144,0.6385154,0.4498073,0.718107,0.4242505,0.4670556,0.3079236,0.5771495,0.4472747,0.6657259,0.2380083,0.7645311,0.0329362,0.03253872,0.05827841,0.07173859,0.02123066,0.04678288,0.04559972,0.08612138,0.03031548,0.05876616,0.1238403,0.02073119,0.1241421,0.004990534,-0.01203825,0.2186264,0.08121137,-0.1098436,-0.07100367,0.2762763,0.09691818,-0.09462526,-0.02435377,-0.1160507,-0.09818822,0.01694698,-0.513261,-0.1856983,-0.07494432,-0.008611951,-0.6474958,-0.1448327,-0.08545193,-0.0123629,0.3259996,0.9453699,0.9450092,-0.3270436,-0.8289468,-0.5593275,0.6817839,0.7315537,-0.7481267,0.663556,0.999229,0.03926218,-0.999229,-0.03926218,0.6111977,0.791478,-0.9799525,0.1992315,-0.7704916,-0.6374502,0.7156345,-0.6984749,-0.8445994,0.5353988,-0.2324059,0.9726189,-0.5148196,-0.8572986,-0.7094185,-0.7047874,0.1151213,0.9933515,-0.3495765,0.9369078,1,0,0
0.5089926,0.2174394,0.5395961,0.1778993,0.4746636,0.1810867,0.5895911,0.1786068,0.4286176,0.2005742,0.7074424,0.3868631,0.5076548,0.3960773,0.7437474,0.5835403,0.4283725,0.5796919,0.7865678,0.7789026,0.3935915,0.7766443,0.6716264,0.58363,0.5425736,0.5930054,0.7078131,0.3869309,0.4629462,0.4095402,0.753253,0.5817006,0.4229679,0.6055038,0.01134753,0.06658971,0.05034745,0.09492262,0.04136801,0.03668288,0.05058375,0.08376175,0.008624066,-0.03144223,-0.203937,0.2286108,-0.2069464,0.1737029,-0.2133697,0.2303664,-0.4051468,0.09590865,-0.3034959,0.2515038,0.06087601,0.2152562,-0.2108348,0.2273636,-0.05761759,0.1508789,-0.1539676,0.2372906,0.05140319,0.1010928,-0.1895848,0.2458178,-0.09446209,0.0748695,0.4927802,0.8701538,0.6120719,-0.7908021,-0.6865794,-0.7270548,0.9998999,0.01415014,-0.9209199,0.3897519,0.9989381,-0.04607112,-0.9989381,0.04607112,0.1815248,0.9833864,-0.3964114,0.918073,0.2141023,0.9768113,-0.1739052,0.9847624,-0.1790801,0.9838345,0.1745939,0.9846405,0.1809335,-0.9834954,-0.3981366,-0.9173262,0.2271995,0.9738482,-0.1998919,0.9798179,0,1,0
0.5394201,0.3364726,0.4961991,0.3113341,0.496277,0.3112006,0.4494883,0.3291695,0.4766437,0.3571846,0.4697346,0.42953,0.2718408,0.458479,0.4551456,0.6289972,0.2664993,0.6584077,0.2660701,0.6941927,0.4377766,0.5551406,0.3348254,0.5771766,0.3521032,0.6416674,0.1530274,0.66054,0.1927014,0.7624608,0.2928765,0.8035164,0.2623256,0.9499508,-0.01198379,-0.0003815115,-0.003986659,-0.02613361,-0.005903805,-0.01476468,-0.07340409,-0.06344152,-0.02820345,-0.01958845,-0.2097227,-0.05403904,-0.2586896,-0.1680581,-0.1668609,0.4195971,-0.104775,-0.1070535,-0.1547164,0.5202931,0.2154125,-0.01906035,-0.1317277,0.1093737,0.07517002,0.009809917,-0.2404419,-0.004421641,0.08871432,0.2810521,-0.0579555,-0.07272686,0.1324565,0.2693465,-0.8431619,0.5376598,-0.8644204,-0.5027698,-0.8628619,-0.5054397,-0.9342158,0.3567082,-0.3926676,0.9196804,0.989469,-0.1447451,-0.989469,0.1447451,-0.07294507,0.997336,-0.02670795,0.9996433,-0.9453775,0.3259775,0.8563865,-0.5163353,-0.6745461,0.7382327,0.4013118,0.9159415,-0.9089903,0.4168174,-0.7970091,0.6039673,0.6992455,0.7148816,0.3481209,0.9374497,1,0,0
0.5158625,0.2128532,0.5491493,0.1755437,0.4831413,0.1750468,0.5988925,0.1806044,0.434538,0.1867822,0.6772424,0.4043363,0.4772553,0.4020627,0.7020794,0.6027881,0.4497837,0.600167,0.730254,0.8007936,0.3703524,0.7837172,0.6356822,0.5999705,0.508027,0.5996813,0.660768,0.40155,0.4263462,0.417121,0.708131,0.595861,0.3860062,0.6130105,0.001895089,0.0272221,0.02394261,0.04602512,0.01151512,0.01872821,0.02757274,0.0169031,0.004061955,-0.00936546,-0.1307697,0.04473756,-0.1321135,0.1038054,-0.3706102,0.08626174,0.1639701,0.1625934,-0.5222374,0.1124458,0.1601053,0.1609241,-0.1820716,0.03437836,-0.02373307,0.08926172,-0.4557639,-0.0152535,-0.03225286,0.09305576,-0.375779,-0.03341496,-0.006817991,0.09842634,0.3069317,0.9517316,0.6657349,-0.7461883,-0.6544239,-0.7561279,0.9948647,0.1012141,-0.9720659,0.2347082,0.9999354,0.0113681,-0.9999354,-0.0113681,0.1241851,0.9922591,-0.1373582,0.9905214,0.1408729,0.9900277,-0.3971565,0.9177509,-0.2078009,0.9781711,0.1538584,0.9880929,0.1254287,-0.9921026,-0.4084039,-0.9128013,0.2368152,0.9715548,-0.2017002,0.9794474,0,1,0
0.5226991,0.3354898,0.57212,0.3279021,0.485285,0.3023207,0.6040679,0.3663642,0.4383921,0.3196717,0.7247781,0.5125483,0.5250434,0.5022499,0.6264848,0.338369,0.4692942,0.6943229,0.4314614,0.2940307,0.6073289,0.5495942,0.5382115,0.5846101,0.5750823,0.695889,0.3407834,0.6165813,0.4243692,0.5644144,0.3667084,0.8148939,0.4336376,0.7641996,-0.05101909,-0.01437164,-0.05144715,-0.03170958,-0.1308138,0.002154099,-0.06348477,-0.01871691,-0.1551309,-0.02965397,-0.01730197,-0.02331753,-0.01694974,-0.03957858,0.06452317,-0.09418587,0.1419147,0.3602401,0.05552004,-0.0632029,0.08671696,0.2858242,-0.001205581,0.04027125,0.3172231,0.1653329,-0.09481975,0.2923574,0.3273782,0.1529777,0.05801483,0.316708,0.4436944,0.1731885,0.5110579,0.8595463,0.9884182,-0.1517547,-0.7482815,-0.6633813,0.6389569,0.7692425,-0.9378583,0.3470183,0.9986734,0.05149186,-0.9986734,-0.05149186,-0.4914666,-0.8708965,-0.278746,0.9603649,-0.9751168,-0.2216916,0.6901737,-0.7236437,-0.932833,0.3603092,0.2501947,0.9681956,-0.9871404,0.1598558,-0.7535655,-0.6573728,0.1296252,0.991563,0.04634217,0.9989256,1,0,0
0.5166987,0.2187515,0.5515879,0.1829361,0.4866622,0.1787789,0.6010418,0.1903057,0.4370441,0.1849473,0.6885852,0.4102307,0.4888246,0.4004486,0.7107959,0.6089936,0.4403897,0.5944951,0.732739,0.8077862,0.3892053,0.7878346,0.6452107,0.6054707,0.5215889,0.5977466,0.6763363,0.4079076,0.453081,0.4098459,0.7308084,0.6003466,0.4253606,0.6079155,-0.005507277,0.08925305,-0.01838609,0.07646452,-0.03770038,0.1124016,-0.01048127,0.03105733,-0.03982566,0.09642516,0.308151,-0.02553768,0.3071795,-0.006670049,0.07544013,0.007831696,0.2352074,-0.02388662,-0.1239143,0.03523307,0.2881054,-0.009470941,0.2808891,-0.03148767,0.3822444,-0.01836022,-0.1160995,-0.1161237,0.07052577,0.08022286,0.3416582,-0.2154949,0.4006879,0.1415106,0.3600308,0.9329404,0.6977834,-0.7163088,-0.6007301,-0.7994519,0.9890783,0.147391,-0.9923611,0.1233673,0.9988031,0.04891067,-0.9988031,-0.04891067,0.1110533,0.9938145,-0.2421744,0.9702327,0.1097154,0.993963,-0.2559221,0.9666974,-0.2168724,0.9761999,0.1638217,0.98649,0.155628,-0.9878157,-0.3425395,-0.9395034,0.2723605,0.9621953,-0.1386022,0.9903482,0,1,0
0.569748,0.3520023,0.6074818,0.3848071,0.6197074,0.3540182,0.5989522,0.4340742,0.6403268,0.3995686,0.4779926,0.5283058,0.672332,0.5755522,0.3589029,0.3676271,0.5742713,0.4012418,0.2132204,0.2305993,0.6517282,0.5856339,0.2783992,0.5410531,0.4729695,0.5915083,0.1371216,0.682618,0.288139,0.6679131,0.1106044,0.8808523,0.1147642,0.7676185,-0.06457468,-0.02974267,-0.06825546,-0.02521475,-0.06456028,-0.02228941,-0.1316333,-0.01208996,-0.07526632,-0.01652307,0.06499631,-0.05428936,0.05503282,0.0331042,0.08683708,-0.07186316,0.1259324,-0.01944389,0.1743343,-0.2373889,0.6131806,0.345638,0.06243376,0.01619835,0.0532694,0.1063079,0.05183928,0.00605594,0.03883394,0.4065596,0.2364552,0.08941298,-0.07625842,0.2856414,0.02707123,0.9996335,0.7546763,0.6560973,0.9991869,0.04031895,-0.1705921,0.9853417,0.4123879,0.9110083,-0.9716967,-0.2362316,0.9716967,0.2362316,-0.5954486,-0.8033934,-0.4903033,-0.8715519,-0.7284122,-0.6851392,0.3872844,0.9219603,-0.9979668,0.06373643,-0.9968124,0.07978082,-0.7063882,0.7078246,-0.9241523,0.3820241,-0.1325858,0.9911715,-0.8668742,0.498527,1,0,0
0.5149713,0.2222924,0.5490918,0.1857439,0.4836391,0.1833271,0.5989516,0.1894855,0.4338108,0.1874677,0.7049056,0.4036639,0.5049813,0.3981603,0.7436365,0.5998779,0.4542526,0.5916198,0.7729604,0.7977165,0.4135703,0.7874385,0.6634847,0.5993277,0.5370461,0.5955732,0.6817278,0.4001614,0.4815534,0.4034259,0.7478471,0.5889159,0.4592192,0.602175,-0.02526131,0.08514298,-0.03518546,0.07580009,-0.02145033,0.0820688,-0.03311539,0.05085034,-0.07422851,-0.2130511,0.1886217,-0.02343668,0.1882897,-0.01171644,0.1431354,-0.0142869,0.6041461,0.1125828,0.07934566,-0.004501638,0.3939143,0.07256846,0.2281927,-0.01492999,0.3194127,-0.03161801,0.02530507,-0.03678938,0.1715436,0.009168806,0.08822526,-0.05846041,0.2964784,0.02445649,0.449861,0.8930987,0.6824103,-0.7309693,-0.626644,-0.7793058,0.9971961,0.07483242,-0.9965652,0.08281171,0.9996213,0.02751828,-0.9996213,-0.02751828,0.1936549,0.9810697,-0.2536437,0.9672977,0.1466191,0.989193,-0.2034116,0.9790933,-0.2071044,0.9783189,0.1603237,0.9870645,0.09121567,-0.9958312,-0.2774632,-0.9607363,0.3305962,0.9437723,-0.1116711,0.9937453,0,1,0
0.5681427,0.3490967,0.6139337,0.3691759,0.6179489,0.3446992,0.6443226,0.4088812,0.6459809,0.3861022,0.5619781,0.4788392,0.7295648,0.5879936,0.3784929,0.5584205,0.6796842,0.7816736,0.2880359,0.3800458,0.4916181,0.8497262,0.3668794,0.5228449,0.5296405,0.5824918,0.3018583,0.3337094,0.3775676,0.4525925,0.2211286,0.5166922,0.3520613,0.6509594,0.02755194,-0.001114988,0.0241933,0.01965692,0.0899758,0.03186547,0.01871187,0.02468007,0.1547534,0.05835182,-0.1363263,-0.002939146,0.1569217,0.01762545,-0.2274619,0.2198321,0.01829205,0.3180594,-0.1372019,0.04500973,-0.1730393,0.5401308,-0.1643883,-0.06487411,-0.05383268,0.175662,-0.3163928,-0.08677132,-0.05438561,0.176306,-0.3242045,-0.08998583,-0.1365647,0.186283,0.388144,0.9215987,0.9158217,0.4015851,0.996125,-0.08794846,0.607778,0.794107,0.5606402,0.8280595,-0.8379335,-0.5457723,0.8379335,0.5457723,-0.917426,0.3979065,-0.2494031,0.9683998,-0.452285,-0.8918735,-0.9403303,0.3402629,-0.9754934,0.2200286,-0.9996216,-0.02750904,-0.3251054,-0.9456778,-0.7603645,-0.6494966,-0.4036488,0.914914,-0.1275315,0.9918345,1,0,0
0.5148767,0.2210244,0.5484916,0.1840103,0.4812053,0.1840618,0.5977952,0.1923264,0.4351469,0.2035201,0.7087615,0.3975182,0.5087615,0.3977197,0.7464716,0.593931,0.449273,0.5886676,0.7633609,0.7932166,0.3925734,0.7804621,0.6653665,0.5927537,0.5321943,0.5963422,0.6841162,0.3936345,0.4670348,0.4072543,0.7304872,0.5881846,0.4265346,0.6031107,-0.032954,0.02285523,-0.0287228,0.02667032,-0.02193638,0.0126288,-0.02479685,0.00517717,-0.03170806,-0.009563149,0.2848341,-0.1669058,0.2837921,-0.08171739,-0.1406902,-0.05459089,0.2888738,-0.08012974,0.2357606,-0.06440097,0.265498,-0.08694496,0.3018481,-0.1630748,0.3808164,-0.09167722,0.1563412,-0.180123,0.2021313,-0.03585671,0.1811083,-0.1859231,0.33209,-0.006166337,0.4694238,0.882973,0.6722975,-0.7402811,-0.6734289,-0.7392521,0.9860716,0.1663211,-0.9211672,0.3891671,0.9999995,-0.001007318,-0.9999995,0.001007318,0.1885509,0.9820634,-0.2974426,0.9547397,0.08444636,0.9964281,-0.2834983,0.9589727,-0.2169749,0.9761772,0.1171637,0.9931126,0.09374855,-0.9955959,-0.3257975,-0.9454396,0.2318549,0.9727504,-0.2025008,0.9792821,0,1,0
0.5670668,0.3497344,0.6130283,0.3694205,0.5235021,0.3251963,0.6496259,0.4034882,0.4750094,0.3373808,0.5792029,0.5449237,0.3814584,0.5149717,0.3913494,0.4762865,0.1875877,0.564106,0.1938441,0.507777,0.1227214,0.7532948,0.3806862,0.5206108,0.1823868,0.4957229,0.4552815,0.3350427,0.02930324,0.3670162,0.4519344,0.5350146,-0.02514424,0.5594622,-0.03222521,-0.0237333,-0.03665442,-0.009889162,-0.162713,-0.01887326,-0.03417376,-0.0124331,-0.2613366,-0.07283027,-0.04641886,-0.04904836,-0.05378066,-0.01424012,-0.2290704,0.1335838,-0.09733953,0.2331882,-0.2812369,0.3583764,-0.5024765,0.5038769,-0.04653692,-0.04809723,-0.05243881,-0.05074307,-0.01738084,-0.03804975,-0.1081617,0.0008965246,0.03082889,-0.03341419,-0.1189537,-0.001945529,-0.4336807,0.9010667,0.9192296,0.3937219,-0.8712939,-0.4907616,0.7319524,0.6813558,-0.9698532,0.24369,0.9887224,0.1497596,-0.9887224,-0.1497596,-0.9392676,-0.3431858,-0.9693531,0.2456716,-0.9875265,0.1574527,-0.3243315,0.9459435,-0.9925836,-0.1215643,-0.9953578,-0.09624391,0.3729765,-0.9278408,-0.7654178,-0.6435337,-0.01673535,0.9998599,-0.2722374,0.9622301,1,0,0
0.5198951,0.2167006,0.5533769,0.1795661,0.4867995,0.1792215,0.6019586,0.1913905,0.4398798,0.1964999,0.6793242,0.4056785,0.4793634,0.4096434,0.7411256,0.5958905,0.3936386,0.59034,0.7774957,0.7925557,0.5627256,0.4835244,0.6425825,0.6022747,0.5040634,0.6081123,0.687745,0.4074405,0.4320928,0.4215105,0.7320914,0.6024621,0.3996579,0.618863,-0.01715742,0.01653762,-0.02034792,0.01362972,-0.02618213,0.02427474,-0.02295942,0.02507721,-0.006521246,0.09882659,0.2599205,-0.08835696,0.259243,0.0008071916,0.3804561,-0.1224455,0.3059564,0.02389307,0.3453734,-0.1155578,0.1705272,-0.241658,0.3507127,-0.06868881,0.1681398,0.014778,-0.008229381,-0.1978324,0.2706207,-0.02883724,0.04939615,-0.2098432,0.2297935,-0.03501545,0.2972433,0.9548018,0.6696353,-0.74269,-0.6619125,-0.7495811,0.9716341,0.2364891,-0.9383941,0.3455669,0.9998035,-0.0198245,-0.9998035,0.0198245,0.3090072,0.9510598,-0.4286244,0.9034828,0.1818505,0.9833262,0.8454353,-0.5340779,-0.1837084,0.9829808,0.1234999,0.9923446,0.2258128,-0.9741707,-0.3598533,-0.9330088,0.2217317,0.9751077,-0.1621742,0.9867621,0,1,0
0.4969646,0.0644982,0.5465597,0.05814803,0.4471116,0.06066735,0.5965531,0.05733731,0.3972055,0.06373011,0.6099251,0.262977,0.4099372,0.2651778,0.5961336,0.462501,0.4004036,0.4649504,0.518894,0.6469841,0.504033,0.6360087,0.5786007,0.4605088,0.4537058,0.4603298,0.6219967,0.655744,0.4175083,0.6570269,0.4403239,0.572108,0.5863053,0.5497534,0.0859427,-0.05294332,0.1217931,0.07244819,0.07048267,0.03309721,0.1220312,0.0494575,0.06900787,0.01516535,-0.08554438,-0.02552293,-0.08577981,-0.04080535,-0.0899138,-0.02581929,-0.1440859,-0.0426049,0.1428942,0.09303121,0.2334436,-0.2133803,-0.1910483,-0.03894823,-0.0802234,-0.04204214,0.2717436,-0.0780405,-0.1800728,-0.05742214,-0.3817066,0.665308,-0.07586689,0.08914503,0.06483272,0.9978962,0.9919022,-0.1270035,-0.9970606,-0.07661694,0.9998686,-0.01621432,-0.9981222,0.06125518,0.9999394,-0.01100391,-0.9999394,0.01100391,-0.06895721,0.9976196,-0.04766822,0.9988632,-0.3861985,0.9224157,0.5181471,0.8552915,-0.1566219,0.9876586,0.2188432,0.97576,0.21698,0.976176,-0.1809877,0.9834853,-0.9083642,-0.4181799,0.8439847,-0.5363672,0,0,1
