0.4939469,0.1070417,0.5366329,0.08100506,0.4555101,0.07506351,0.5638859,0.1229249,0.4135719,0.1022884,0.5649305,0.3037748,0.3649438,0.3060784,0.6111119,0.49837,0.3269942,0.502445,0.661128,0.692015,0.2957402,0.6999878,0.5447679,0.5027559,0.4001878,0.5029485,0.5501225,0.7026842,0.3922375,0.7027904,0.5564274,0.9025848,0.3910416,0.9027869,-0.07965034,0.05623468,-0.02832456,0.138453,0.06674045,-0.1290809,0.1833932,0.008703556,0.1066809,-0.06646693,0.05528289,0.1150505,0.05423321,0.03782996,0.2008212,0.08112489,0.1630829,0.0592039,-0.5557502,0.293648,0.4449123,0.1060061,0.1299931,0.1227731,0.1616944,0.01891637,-0.2470791,0.136691,-0.03442546,0.01214624,-0.1700251,0.1344251,-0.1062616,0.01185189,-0.145049,0.9894245,0.8537195,-0.5207332,-0.7687379,-0.639564,0.5450594,0.8383974,-0.8387625,0.5444975,0.9999337,-0.0115177,-0.9999337,0.0115177,0.2309069,0.9729759,-0.1897478,0.9818329,0.2500806,0.9682251,-0.1562703,0.9877144,-0.1008132,0.9949054,0.1762203,0.9843508,0.02677322,0.9996415,-0.03975168,0.9992096,0.03152459,0.999503,-0.005979389,0.9999821,1,0,0
0.4954061,0.1067937,0.5375249,0.0798492,0.4534023,0.07967033,0.5628779,0.1229447,0.4143586,0.1109048,0.5713773,0.3048128,0.3713802,0.3058775,0.6138896,0.5002424,0.3124985,0.4970134,0.6764849,0.6901945,0.3227769,0.2972777,0.547055,0.5033284,0.399181,0.5039359,0.5517877,0.7032725,0.3869771,0.7035632,0.5621772,0.9030024,0.3838955,0.9035395,-0.005837508,-0.003361662,0.00370732,0.0109106,-0.01217925,0.00617285,0.000431271,0.01285768,0.001954307,0.02488238,0.006948647,0.01639962,0.006361877,-0.02000479,0.02701357,0.01216215,-0.1480938,-0.05970663,0.05391643,0.003545783,0.911872,-0.3661259,0.007112198,0.01642,-0.007461693,-0.01800619,0.02164256,0.0161387,-0.005491786,-0.01788441,0.02912816,0.0157658,0.007011802,-0.01764538,-0.1201368,0.9927574,0.8423758,-0.5388905,-0.8400767,-0.5424678,0.5070603,0.8619105,-0.7808733,0.6246895,0.9999859,-0.00532329,-0.9999859,0.00532329,0.2125615,0.9771476,-0.2944084,0.9556797,0.3129765,0.9497609,0.05139202,-0.9986786,-0.1216116,0.9925777,0.1390043,0.9902918,0.02366334,0.99972,-0.06101936,0.9981366,0.05194753,0.9986498,-0.0154081,0.9998813,0,1,0
0.4990202,0.107555,0.53633,0.07426868,0.4584928,0.07827129,0.5605096,0.1180334,0.4164099,0.1052719,0.5643048,0.3061076,0.36433,0.302935,0.6032843,0.5022722,0.3167613,0.4971957,0.6667551,0.6919337,0.2761329,0.6930255,0.5407161,0.5047116,0.3901294,0.501264,0.5517362,0.7044078,0.3798245,0.7009983,0.5470182,0.9043522,0.3770051,0.9009784,-0.01324351,-0.02137474,0.04780855,0.04434972,0.0139763,-0.05989701,0.1469048,-0.007205595,0.04805725,-0.005048106,0.1030062,0.03843649,0.1038973,-0.03846309,0.08128039,0.04278139,0.8242693,0.1703808,0.1332623,0.02556404,0.1975275,0.06348052,0.0960613,0.03761592,0.03399849,-0.02908837,0.2088133,0.03210998,0.09183343,-0.0259178,-0.007293371,0.02962832,0.3113474,-0.02012194,-0.1735136,0.9848315,0.7461967,-0.6657256,-0.8105473,-0.5856732,0.4835915,0.8752939,-0.8416568,0.5400128,0.9998742,0.01586288,-0.9998742,-0.01586288,0.1948974,0.9808236,-0.2378437,0.9713034,0.3173541,0.948307,-0.203142,0.9791493,-0.1179439,0.9930203,0.1289971,0.991645,0.05510062,0.9984809,-0.05152494,0.9986717,-0.02358973,0.9997217,-0.0140968,0.9999006,1,0,0
0.4988146,0.1065619,0.5346431,0.07168621,0.4590879,0.07620087,0.5552409,0.1172464,0.416926,0.1030779,0.5633711,0.3036409,0.3633716,0.3031518,0.6021228,0.4998507,0.3071658,0.4950916,0.6639482,0.6900549,0.3290508,0.2962926,0.5391234,0.5021656,0.3941526,0.5007689,0.5477768,0.7019783,0.3843245,0.7005273,0.5505581,0.901959,0.3801058,0.9004828,0.003116181,-0.004660203,0.002249687,-0.005550838,0.01473168,-0.02014615,-0.04140754,0.01538587,-0.002938406,-0.04697021,-0.0391489,0.05080725,-0.04069133,-0.07517395,-0.08355561,0.05982198,-0.05022276,-0.07795313,0.06679358,0.01397773,0.9559546,-0.08586093,-0.06811347,0.04737005,-0.04969008,-0.07376263,-0.06766072,0.04734958,-0.05849379,-0.07418596,0.006384559,0.0469595,-0.02301421,-0.07329069,-0.1772161,0.984172,0.7165702,-0.6975149,-0.7945325,-0.6072217,0.4119574,0.9112031,-0.8432381,0.5375403,0.999997,0.002445578,-0.999997,-0.002445578,0.1937586,0.9810492,-0.2810293,0.9596992,0.309127,0.9510208,0.109425,-0.9939951,-0.1212382,0.9926234,0.153905,0.9880856,0.04326701,0.9990636,-0.04914074,0.9987919,0.01390636,0.9999033,-0.02109349,0.9997776,0,1,0
0.5005777,0.1075775,0.5334868,0.06993456,0.4626675,0.07497658,0.5606726,0.111898,0.4196583,0.1004758,0.5662914,0.3025964,0.3663324,0.3066442,0.6087844,0.4980301,0.3201348,0.5012355,0.6541928,0.6928071,0.2832285,0.6978008,0.5434939,0.5012928,0.3938018,0.5047488,0.5473711,0.7012553,0.3829668,0.7044551,0.5475633,0.9012552,0.3789687,0.9044151,0.08633085,0.03853571,-0.1144094,-0.1626218,0.06368865,0.06443172,-0.1959716,-0.1070048,0.01514047,-0.01349799,-0.2795618,0.01255187,-0.2809608,-0.04629093,-0.2307595,0.002092808,-0.1756763,-0.0205743,-0.3625766,0.03395333,-0.1999791,-0.02510125,-0.3009259,0.01013019,-0.16951,-0.06098295,-0.3957775,0.01250951,-0.06092689,-0.05438313,-0.3852637,0.01250702,-0.1938713,-0.05598263,-0.1713291,0.9852139,0.6581821,-0.7528588,-0.7582033,-0.6520182,0.543716,0.8392693,-0.8601837,0.5099843,0.9997952,-0.02023906,-0.9997952,0.02023906,0.2124652,0.9771686,-0.230988,0.9729566,0.2270418,0.973885,-0.1845312,0.9828267,-0.1139873,0.9934822,0.1373473,0.9905229,0.01938611,0.9998121,-0.0541751,0.9985314,0.0009605288,0.9999996,-0.01999065,0.9998002,1,0,0
0.5022078,0.1069531,0.5323064,0.06702727,0.4651322,0.07340601,0.5541452,0.1120058,0.4221561,0.09896085,0.5602028,0.3027432,0.3602034,0.3022416,0.6014507,0.4984435,0.290626,0.4897489,0.6479325,0.6929671,0.3439343,0.2969842,0.5350409,0.5011541,0.3880686,0.5002909,0.5414855,0.7010502,0.3769009,0.6999788,0.5398222,0.9010433,0.3738595,0.8999557,0.01365904,0.01391293,-0.02948778,-0.01951348,0.01483419,0.01261253,-0.09139258,0.01183229,0.002815429,-0.007345041,-0.02078173,0.06871082,-0.0214027,-0.05565791,-0.05308494,0.07558858,-0.3506174,-0.1700155,-0.2777527,0.1325998,0.8135884,0.06382464,-0.06963857,0.06266185,-0.06860443,-0.04887911,-0.05883455,0.06232044,-0.05518661,-0.04811959,-0.1424909,0.06204582,-0.06755792,-0.04830019,-0.2100234,0.9776964,0.6019734,-0.7985162,-0.7415103,-0.6709415,0.4367757,0.8995704,-0.8595231,0.511097,0.9999969,0.002507865,-0.9999969,-0.002507865,0.2062398,0.9785015,-0.3478867,0.9375365,0.2324087,0.9726182,0.2665412,-0.9638235,-0.1258093,0.9920545,0.1393259,0.9902466,0.03222286,0.9994807,-0.05583823,0.9984398,-0.008316637,0.9999654,-0.01520708,0.9998844,0,1,0
0.5050586,0.1060451,0.5454995,0.07664211,0.4650441,0.07606453,0.5588171,0.1248359,0.4207687,0.09929577,0.5562123,0.3013241,0.3562301,0.2986574,0.6006232,0.496331,0.3160352,0.4945767,0.6464525,0.6910094,0.266742,0.688407,0.5341921,0.5001082,0.3841896,0.4966934,0.5386303,0.7000589,0.3704907,0.6962237,0.5383501,0.9000587,0.3702376,0.8962235,-0.03985595,-0.01122524,0.04482424,0.1006901,0.04508296,-0.1293926,0.1776964,0.06662683,0.04789598,-0.1240203,0.03550157,-0.09109555,0.03154842,0.1060048,0.301737,-0.1491364,0.2451783,0.1514868,0.1961707,-0.1238696,0.527507,0.2262786,0.1274391,-0.0806196,0.1046125,0.09587748,-0.003727314,-0.0771247,0.1209426,0.09700663,0.4323246,-0.07005157,0.1951643,0.09728727,-0.2441874,0.9697281,0.8088172,-0.5880602,-0.8002911,-0.5996117,0.2663529,0.9638756,-0.8855076,0.4646249,0.9999111,0.01333356,-0.9999111,-0.01333356,0.2220544,0.9750343,-0.2009742,0.9795965,0.2291464,0.973392,-0.2464659,0.9691515,-0.1101008,0.9939204,0.1397979,0.9901801,0.02219081,0.9997538,-0.06849483,0.9976515,-0.001401007,0.999999,-0.001265555,0.9999992,1,0,0
0.5049362,0.1056316,0.5447549,0.07539135,0.465215,0.0752634,0.553078,0.1246938,0.4210141,0.09863607,0.5611306,0.2988576,0.3611676,0.3027014,0.6022674,0.4945813,0.3029037,0.4940265,0.6484591,0.6891741,0.342451,0.2979755,0.5376142,0.4974702,0.3925823,0.5002187,0.5406264,0.6974475,0.3786505,0.6997329,0.5441465,0.8974166,0.3765278,0.8997216,-0.002310463,8.046929E-05,-0.0008230752,0.002000103,-0.004298448,0.002612889,0.001280606,0.001663238,-0.002636167,0.005870188,0.0154372,-0.004422547,0.01546706,0.01323478,0.002872435,-0.001613437,0.002806033,0.009559677,-0.004023389,7.502964E-05,0.2127776,-0.9752753,0.01843853,-0.004058053,0.01937048,0.01262959,0.01377814,-0.003966217,0.02201497,0.01282122,0.01439249,-0.003976571,0.02346094,0.01283862,-0.2189355,0.9757394,0.7963738,-0.6048048,-0.7944237,-0.6073639,0.1664615,0.986048,-0.8840178,0.4674532,0.9998153,-0.01921892,-0.9998153,0.01921892,0.205684,0.9786185,-0.2913195,0.9566259,0.2309581,0.9729637,0.1977366,-0.9802552,-0.1175824,0.9930632,0.1570734,0.987587,0.0150612,0.9998866,-0.06965921,0.9975708,0.01760035,0.9998451,-0.01061305,0.9999437,0,1,0
0.5058314,0.1053793,0.5459564,0.07554658,0.4652765,0.07613381,0.5556248,0.1246029,0.4210619,0.09948058,0.5590016,0.2990116,0.3590082,0.3006289,0.5973045,0.4953096,0.3120215,0.4950312,0.6521477,0.6876432,0.2710966,0.6907993,0.5357432,0.4976546,0.3849188,0.4989434,0.5417152,0.6975654,0.3736379,0.698625,0.5440769,0.8975515,0.3727647,0.898623,-0.002490885,0.0005963627,0.01460265,0.02339982,0.03011467,-0.04535597,0.05941223,0.01485635,0.03167642,-0.04239667,0.06133201,-0.1420881,0.06049952,0.1741226,0.02518122,-0.1349867,0.2470875,0.2205115,0.3735889,-0.2297326,-0.2860696,0.1192594,0.05034488,-0.1433709,-0.1346154,0.2009424,0.05148708,-0.1434038,0.001324518,0.2092519,0.5128896,-0.1416334,0.1961056,0.211387,-0.2341325,0.9722047,0.8024987,-0.5966538,-0.8110987,-0.5849094,0.1933682,0.9811262,-0.8842914,0.4669354,0.9999673,-0.008086265,-0.9999673,0.008086265,0.1915142,0.9814898,-0.2349335,0.9720114,0.2742162,0.961668,-0.2046245,0.9788406,-0.1162922,0.993215,0.1295532,0.9915725,0.02986014,0.9995541,-0.05640477,0.998408,0.01180858,0.9999303,-0.004366041,0.9999905,1,0,0
0.5045977,0.1053979,0.5429447,0.07331181,0.4639682,0.07625611,0.5501704,0.1227869,0.4198075,0.09970459,0.5599909,0.298864,0.3600134,0.3018611,0.6086814,0.4928465,0.3008453,0.4929086,0.6472316,0.6890961,0.3385617,0.296497,0.5363411,0.4974608,0.3878228,0.4999182,0.5372071,0.6974589,0.3739425,0.699436,0.5425423,0.8973877,0.369945,0.8993961,-0.0009399667,-0.001888804,-0.003818009,-0.005459652,-0.005534771,0.004124393,-0.007165513,-0.004924315,-0.00386907,0.007375254,0.00915219,-0.003862137,0.009206754,0.004935831,0.01521017,-0.005342604,-0.0119709,-0.001115363,0.006763437,-0.003607504,0.1808809,-0.9828205,0.009516846,-0.003818605,0.001168138,0.006131177,0.002392629,-0.003737057,0.006265202,0.006511934,0.009983475,-0.003882115,0.005570104,0.006498517,-0.222978,0.9748234,0.7669386,-0.6417205,-0.8125907,-0.5828348,0.1445151,0.9895025,-0.8832144,0.4689696,0.9998877,-0.0149855,-0.9998877,0.0149855,0.2434525,0.9699128,-0.2958402,0.9552374,0.1927513,0.9812477,0.1885818,-0.9820575,-0.1182491,0.9929839,0.1390471,0.9902858,0.004329979,0.9999906,-0.06940141,0.9975889,0.02667636,0.9996441,-0.01998723,0.9998003,0,1,0
0.5058799,0.1062639,0.5458199,0.07618407,0.4651905,0.07720572,0.5531485,0.1256441,0.4197486,0.09806313,0.5584722,0.3023183,0.3585028,0.298817,0.6037389,0.4971283,0.2970804,0.4891517,0.6586412,0.6894451,0.2332022,0.6786763,0.5367638,0.5011367,0.3859795,0.4969206,0.5380211,0.7011328,0.3685904,0.6961633,0.5367329,0.9011286,0.3641988,0.8961151,-0.0184552,-0.004046887,0.03588466,0.06356972,-0.02404091,0.003716684,0.1913295,0.04946674,-0.02261572,0.006832756,0.07604983,0.05181823,0.0767953,-0.0118421,0.08593743,0.04953003,-0.0479158,-0.05046372,0.2030105,0.01749685,-0.8786715,-0.2602352,0.1256785,0.05746476,0.005038317,-0.001407934,0.08555605,0.05786257,-0.01436455,-0.00306573,0.06759893,0.05777709,0.07550818,-0.0003599972,-0.2369619,0.9715189,0.7988001,-0.6015966,-0.8137869,-0.5811635,0.1465726,0.9891999,-0.9088385,0.4171482,0.9998468,0.01750648,-0.9998468,-0.01750648,0.2263334,0.9740499,-0.3071123,0.9516733,0.2745113,0.9615839,-0.3193909,0.9476231,-0.1085421,0.9940919,0.1373832,0.990518,0.0062868,0.9999803,-0.08694558,0.9962131,-0.006441473,0.9999793,-0.02195761,0.9997589,1,0,0
0.5075601,0.1068727,0.5427668,0.07136939,0.4673229,0.07719164,0.5429769,0.1213689,0.421186,0.09646312,0.551055,0.2994788,0.3510606,0.2979723,0.5956827,0.4944361,0.3069967,0.4930578,0.6458077,0.688053,0.278594,0.2950849,0.5286092,0.4982153,0.3820864,0.4955511,0.5312136,0.6981983,0.3655669,0.6948677,0.5288916,0.8981848,0.3602087,0.894796,-0.002895104,-0.006369679,-0.02313207,-0.02663182,-0.06231667,0.07150593,-0.2085914,-0.02014525,-0.0828935,0.02341888,-0.0629946,-0.0648881,-0.0638901,0.01682937,-0.02248112,-0.07408591,0.3862483,0.1276309,-0.02147412,-0.07434484,0.8371204,0.05421218,-0.02598042,-0.06064974,0.04617422,6.833166E-05,0.04618141,-0.06137262,0.1454008,0.008706892,-0.08454784,-0.06218181,-0.003531668,0.005635564,-0.2825114,0.959264,0.7041345,-0.7100666,-0.8047443,-0.5936217,0.004202127,0.9999911,-0.9227372,0.3854297,0.9999716,0.007532536,-0.9999716,-0.007532536,0.2231386,0.9747867,-0.2203196,0.9754277,0.250625,0.9680843,-0.1420134,-0.9898648,-0.112229,0.9936824,0.1551291,0.9878942,0.01302212,0.9999152,-0.08259772,0.9965829,-0.01161009,0.9999326,-0.02679109,0.9996411,0,1,0
0.5080746,0.1065747,0.5457405,0.07369184,0.4687198,0.07573315,0.5517552,0.1233288,0.4225179,0.09484801,0.5496267,0.301955,0.3497937,0.2937833,0.5974039,0.4961646,0.2794417,0.4810014,0.6480852,0.6896365,0.217756,0.6712509,0.5257071,0.5005195,0.3776886,0.4918284,0.5329214,0.7003894,0.3638587,0.6913497,0.529687,0.9003632,0.3618289,0.8913394,0.0003901617,-0.001570041,0.003276137,0.001628283,0.0002832274,-0.001433672,-0.003993208,0.002716337,0.0009734472,0.0002682753,-0.002300576,0.0007873689,-0.002081384,-0.005487941,0.006293002,-0.001250334,0.01466269,0.001133692,0.001427879,4.900506E-05,-0.5563235,0.8306364,-0.00286891,0.0007192628,-0.004169188,-0.005189683,-0.003411567,0.0007391467,-0.001037796,-0.004963289,-0.005524108,0.0007090861,-0.007625924,-0.00498881,-0.2918221,0.9564726,0.7533182,-0.6576563,-0.7870962,-0.6168303,0.1202941,0.9927383,-0.9240394,0.3822972,0.9991649,0.04085869,-0.9991649,-0.04085869,0.2388859,0.9710476,-0.3517599,0.9360903,0.2534068,0.9673598,-0.3084288,0.9512475,-0.1195979,0.9928224,0.1394743,0.9902257,0.03607123,0.9993492,-0.06914959,0.9976063,-0.01617193,0.9998692,-0.01014888,0.9999485,1,0,0
0.5037168,0.1066686,0.5428248,0.07551466,0.4650964,0.07491238,0.5528623,0.1244968,0.4201255,0.09676706,0.5575802,0.3003468,0.3575888,0.302204,0.5997392,0.4958529,0.3042752,0.4949673,0.657603,0.6872994,0.3044123,0.2949673,0.5309044,0.4985598,0.3885693,0.49979,0.5355844,0.698505,0.3764234,0.6994209,0.539075,0.8984746,0.3758811,0.8994201,-0.05720454,0.003386823,-0.08496991,-0.03208666,-0.007143516,-0.05942612,0.09683084,-0.06274359,0.007919303,-0.02789858,-0.0008525828,0.05008454,-0.001681657,-0.01646394,-0.0975455,0.07141165,0.003303758,-0.01508319,0.06040487,0.02501641,0.9269958,-0.05508719,-0.01863144,0.04770702,0.09471662,-0.03112241,-0.1027927,0.05001401,0.2029241,-0.02397889,0.03573012,0.04850945,0.121982,-0.02388486,-0.2306615,0.973034,0.7821592,-0.6230786,-0.7724096,-0.6351247,0.2007508,0.9796423,-0.8994161,0.4370936,0.9999568,-0.009286104,-0.9999568,0.009286104,0.2107948,0.9775303,-0.2665682,0.963816,0.2893189,0.9572328,0.0006856024,-0.9999998,-0.1333791,0.9910651,0.1549025,0.9879298,0.02340019,0.9997262,-0.06072968,0.9981543,0.01745254,0.9998477,-0.002711415,0.9999964,0,1,0
0.5063663,0.107927,0.5430647,0.07396784,0.4655832,0.07900048,0.5550092,0.1225202,0.419608,0.09865439,0.5543103,0.3045947,0.354436,0.2975064,0.598424,0.499669,0.297926,0.489357,0.6516918,0.6924449,0.2568589,0.6850953,0.5325845,0.5034112,0.3828056,0.4954841,0.5374331,0.7033524,0.3669325,0.6948532,0.5316217,0.903268,0.3651543,0.8948454,-0.002654303,0.01046744,-0.03610069,-0.02754321,-0.01496451,0.02744753,0.03111513,-0.04167674,-0.01560156,0.02596052,0.001313892,0.01506877,0.001555576,0.008071395,-0.04102597,0.02488258,0.4359289,0.1634439,-0.07136603,0.03339335,0.8324783,0.2678833,0.008760887,0.01588965,0.03164491,0.003875379,-0.009863833,0.01638387,0.00801233,0.002063654,-0.0291021,0.01587157,0.001609216,0.002011822,-0.2599655,0.9656179,0.7339693,-0.6791828,-0.8156611,-0.5785301,0.2388894,0.9710467,-0.919505,0.3930783,0.9993718,0.03544122,-0.9993718,-0.03544122,0.2205682,0.9753716,-0.2825497,0.9592527,0.2663392,0.9638793,-0.2053357,0.9786916,-0.1086292,0.9940824,0.1418482,0.9898884,0.024243,0.9997061,-0.07936581,0.9968456,-0.02905696,0.9995778,-0.008890628,0.9999605,1,0,0
0.5055131,0.1073645,0.5441989,0.0756879,0.4656857,0.07713568,0.5441191,0.1256878,0.4190655,0.09520654,0.5527715,0.3016041,0.3527889,0.2989707,0.5928906,0.4975389,0.3014109,0.4922589,0.6488672,0.6895458,0.296584,0.2923172,0.5276409,0.500019,0.3833975,0.4966146,0.5322373,0.6999661,0.3685873,0.6960655,0.5319015,0.8999659,0.3687939,0.8960655,-0.01164189,0.007173463,0.006570662,0.02918002,-0.01320516,0.009231501,-0.2611535,0.0418319,-0.04616323,-0.07192861,-0.03521704,0.1822548,-0.03643984,-0.1810697,-0.2029899,0.2179728,-0.2407835,-0.2332912,-0.2005541,0.217264,0.3502241,-0.2635009,-0.2709686,0.1549786,-0.02972021,-0.1821091,-0.2041096,0.1536461,-0.06264228,-0.1845023,-0.2527135,0.1536723,-0.1266858,-0.184247,-0.2636644,0.9646145,0.773716,-0.6335326,-0.7965468,-0.6045768,-0.00159502,0.9999987,-0.9324042,0.3614172,0.9999133,0.01316696,-0.9999133,-0.01316696,0.2005956,0.9796742,-0.2568898,0.9664407,0.2798831,0.9600341,-0.02413482,-0.9997087,-0.1256532,0.9920742,0.153043,0.9882195,0.02298206,0.9997359,-0.07405102,0.9972545,-0.001679063,0.9999986,0.001033097,0.9999995,0,1,0
0.5057204,0.1073781,0.5447765,0.07615916,0.4647635,0.07869843,0.5544101,0.1252223,0.4194871,0.09991274,0.5554878,0.3048867,0.35564,0.2970869,0.5997935,0.4999175,0.3017536,0.4896908,0.6535858,0.6925477,0.2450802,0.6814932,0.5328801,0.5036048,0.3823034,0.4953016,0.5375923,0.7035493,0.3691809,0.6948707,0.5344545,0.9035247,0.3692612,0.8948706,0.002885505,0.0008101354,-0.002080586,-0.005601316,-0.004957239,0.0114369,0.03167037,-0.01000253,-0.0009035579,0.02052871,-0.005217431,0.006647221,-0.004721391,-0.009032575,0.01539937,0.002178593,0.0233153,-0.0007704586,0.005323657,0.005045761,0.7292516,0.6815681,0.007829149,0.008213272,-0.01615481,-0.007431116,0.001229825,0.008389368,-0.0141275,-0.007295803,-0.004589872,0.008313808,0.00227407,-0.007175666,-0.2507827,0.9680434,0.7811212,-0.6243795,-0.8191396,-0.5735942,0.192672,0.9812632,-0.9055282,0.4242862,0.9992392,0.03899902,-0.9992392,-0.03899902,0.2215284,0.9751539,-0.2694317,0.9630195,0.2689615,0.9631509,-0.2833672,0.9590116,-0.1130387,0.9935905,0.1333174,0.9910734,0.02356112,0.9997224,-0.06561249,0.9978452,-0.01568914,0.9998769,0.0004014373,0.9999999,1,0,0
0.5023611,0.1071122,0.5329894,0.06759128,0.4656876,0.07312603,0.5569262,0.1114892,0.4223442,0.09805293,0.5647756,0.3024422,0.3647879,0.3046578,0.6111469,0.4969922,0.3108798,0.4972556,0.6601712,0.6908907,0.2817323,0.299391,0.5407584,0.5009949,0.393801,0.5025423,0.5443421,0.7009628,0.3763444,0.701779,0.5474438,0.9009387,0.37819,0.9017705,-0.005508088,2.053252E-05,-0.02951862,-0.02433245,0.002943096,-0.01009089,-0.002191875,-0.03539012,0.00648958,-0.003486517,0.01424243,-0.003129079,0.01419637,0.0115217,0.02201577,-0.00491844,0.05634154,0.0252999,0.02832981,-0.006472464,0.06620912,-0.9923654,0.01466797,-0.003077345,0.01829229,0.01093796,0.01013178,-0.002976025,0.01697559,0.01082444,0.01329325,-0.003015325,0.02641971,0.01082382,-0.1878963,0.9821889,0.6125666,-0.7904189,-0.7334684,-0.6797235,0.4787362,0.8779588,-0.8668679,0.4985379,0.9999386,-0.01107842,-0.9999386,0.01107842,0.2318561,0.9727501,-0.2695409,0.9629889,0.2451217,0.9694923,-0.1457372,-0.9893233,-0.1200864,0.9927635,0.1450652,0.9894221,0.01791864,0.9998394,-0.08728294,0.9961836,0.01550853,0.9998798,0.00922829,0.9999574,0,1,0
0.501899,0.1073876,0.5334709,0.06861624,0.4640606,0.0747034,0.5601696,0.1108913,0.4215834,0.1010794,0.5690032,0.3036515,0.3690135,0.3056775,0.6101741,0.4993681,0.3020024,0.4941172,0.6654125,0.6915886,0.258893,0.6894159,0.5463215,0.5023612,0.3954116,0.5039277,0.548646,0.7023478,0.3816508,0.7034538,0.5459398,0.9023294,0.3818465,0.9034537,0.009450046,6.741381E-05,0.03076492,0.01697776,0.04933161,-0.0489606,0.01928386,0.02433177,0.04606069,-0.05419401,0.008669767,-0.005674235,0.008768577,0.005565863,-0.04251246,0.005419879,0.02114276,0.009988082,0.06069729,-0.02284611,0.9336606,0.3227869,0.01003398,-0.005518052,0.02674687,0.003210364,0.006771343,-0.005478528,-0.005489365,0.00110922,-0.04887453,-0.005869942,0.04141854,0.001320865,-0.1644534,0.9863849,0.6314384,-0.775426,-0.7567686,-0.6536829,0.533974,0.8455009,-0.8495426,0.52752,0.9999487,-0.01012981,-0.9999487,0.01012981,0.2058542,0.9785827,-0.3350554,0.9421984,0.2761921,0.9611025,-0.2155471,0.9764934,-0.1134086,0.9935485,0.1319905,0.991251,0.01162231,0.9999324,-0.06880356,0.9976302,-0.01353085,0.9999084,0.0009781121,0.9999996,1,0,0
0.5022807,0.107321,0.5319819,0.06709856,0.4635804,0.07566206,0.5505575,0.11352,0.4195754,0.09940147,0.5575717,0.2982648,0.3577328,0.3062916,0.602219,0.4932176,0.2970381,0.4968595,0.6589435,0.6850048,0.2988044,0.2968673,0.5379823,0.4973031,0.3885445,0.5039039,0.5419067,0.6972646,0.3768412,0.7035612,0.540467,0.8972594,0.3733357,0.9035305,0.006172238,-0.001120019,0.009057492,0.0009933533,0.003124379,0.002567499,-0.03249061,0.02000069,-8.664764E-05,-0.003285437,-0.03154143,-0.0295114,-0.03034862,0.01106277,-0.04812882,-0.02563363,-0.1563123,-0.02429819,-0.0392722,-0.02822969,0.9150326,-0.346285,-0.01750845,-0.02807721,-0.01340056,0.008498783,-0.02911023,-0.02781389,0.01350634,0.01026943,-0.06148888,-0.02776944,-0.006565809,0.01002412,-0.2231422,0.9747859,0.5940233,-0.8044479,-0.7740062,-0.633178,0.3715123,0.9284281,-0.8801001,0.4747882,0.9991943,-0.04013389,-0.9991943,0.04013389,0.2232364,0.9747643,-0.3034736,0.9528399,0.2836228,0.958936,0.008831471,-0.999961,-0.09794681,0.9951916,0.1540585,0.9880617,0.01962155,0.9998075,-0.0585167,0.9982864,-0.007198453,0.9999741,-0.01752734,0.9998464,0,1,0
0.5032142,0.1069773,0.542055,0.07549083,0.4647388,0.07504544,0.5577928,0.1229495,0.4203231,0.09800731,0.558831,0.3046945,0.3589036,0.2993028,0.6006781,0.5002676,0.3096075,0.4931324,0.6523959,0.6934651,0.2666165,0.6884571,0.5355572,0.5033357,0.3880782,0.4971635,0.5384548,0.7033147,0.3732004,0.6966094,0.5387768,0.9033145,0.3717602,0.8966042,0.003636266,-0.0003511767,0.02176655,0.0188025,-0.0031559,0.007352747,0.009152993,0.02354145,-0.003964404,0.005808113,-0.002173026,0.007751054,-0.001923104,-0.01098794,0.0005143997,0.007181708,0.02042868,-0.004900943,-0.005310679,0.008768576,0.5381253,0.8409486,0.002139812,0.008270169,-0.006220976,-0.01034038,0.003207156,0.008255612,-0.003794851,-0.01015514,-0.01519519,0.008531366,-0.00503759,-0.01016293,-0.2217346,0.975107,0.7768154,-0.6297284,-0.7695086,-0.6386364,0.3147566,0.9491724,-0.8883135,0.4592375,0.9996366,0.02695828,-0.9996366,-0.02695828,0.2092355,0.9778653,-0.2464807,0.9691477,0.2585891,0.9659874,-0.2149549,0.976624,-0.1163691,0.993206,0.1458728,0.9893034,0.0144881,0.999895,-0.07438897,0.9972293,0.001610219,0.9999987,-0.007201285,0.9999741,1,0,0
0.5027168,0.1073783,0.5372248,0.07119554,0.4661561,0.07327087,0.5502833,0.1194602,0.4208725,0.09446988,0.5533015,0.29947,0.3533308,0.3028925,0.5962486,0.4948044,0.2917903,0.493189,0.6591302,0.684662,0.3077354,0.2938257,0.5311025,0.4982342,0.3841569,0.5005026,0.5380137,0.6981147,0.3708466,0.7000592,0.5386788,0.8981136,0.3728521,0.9000492,-0.003868405,0.004676775,-0.07303275,-0.07031842,-0.001025944,0.001613654,-0.04544332,-0.07725634,-0.001175896,0.001293581,0.01075295,-0.05202084,0.01052755,0.06884404,-0.03816491,-0.04086027,-0.07197122,0.04339428,0.03652302,-0.06458224,0.9626555,-0.0436567,0.01869476,-0.05112445,0.03690075,0.06484324,0.02817691,-0.05143859,0.04259232,0.06522761,0.05636141,-0.05140727,0.0393726,0.06526177,-0.2470031,0.9690147,0.6901612,-0.7236556,-0.7312136,-0.6821486,0.2611697,0.9652929,-0.9056715,0.4239801,0.9998536,-0.01711279,-0.9998536,0.01711279,0.2147356,0.9766722,-0.3077026,0.9514825,0.3144077,0.9492881,0.07972524,-0.9968169,-0.1109949,0.993821,0.1541303,0.9880505,0.0345558,0.9994028,-0.06655157,0.997783,0.003325343,0.9999945,0.01002744,0.9999497,0,1,0
0.5060403,0.1082086,0.5433432,0.07491459,0.4668576,0.0771488,0.5403595,0.1248255,0.4197601,0.09393649,0.5501192,0.3015761,0.3501371,0.2988923,0.5933957,0.4968378,0.2988771,0.4922118,0.6525701,0.6878833,0.2634502,0.6890491,0.5265733,0.5001853,0.376606,0.4971331,0.5308096,0.7001404,0.3634419,0.6966994,0.5308321,0.9001403,0.3666016,0.8966744,0.02220757,0.008962065,0.005369619,-0.0100968,0.04096389,-0.01499766,0.007691375,-0.009957103,0.02499697,-0.05851675,-0.1337415,0.01811387,-0.1328809,-0.08804742,0.05654385,-0.0221269,0.5461563,0.1179822,-0.03795188,0.00765253,0.7167157,0.1502059,-0.04114318,0.02953141,-0.1284406,-0.08863906,-0.07432306,0.0302874,-0.1026861,-0.08690596,-0.1813121,0.03087008,-0.05455228,-0.08755139,-0.279561,0.9601279,0.7460582,-0.6658807,-0.7836549,-0.6211964,-0.05967499,0.9982179,-0.9419497,0.3357538,0.99991,0.01341879,-0.99991,-0.01341879,0.2163828,0.9763086,-0.2562999,0.9665973,0.2958718,0.9552277,-0.1771349,0.9841866,-0.1177293,0.9930457,0.1323442,0.9912038,0.02118141,0.9997756,-0.06582066,0.9978315,0.0001126528,1,0.01579896,0.9998752,1,0,0
0.5033634,0.1067269,0.542675,0.07583027,0.46476,0.07494992,0.5476756,0.1255796,0.4201538,0.0975394,0.556334,0.2998008,0.3563515,0.3024412,0.6043419,0.4939534,0.3000759,0.4943607,0.6603077,0.6859634,0.3071336,0.2944853,0.533681,0.4985137,0.3831664,0.5006355,0.5373052,0.6984808,0.3677646,0.7000416,0.5396332,0.8984673,0.368998,0.9000378,-0.0008689044,-0.0005774322,-0.001510121,-0.001400252,-0.001695736,0.0004165469,-0.005778597,-0.0008974029,0.0002632362,0.004462659,0.006435412,-0.0008800788,0.006473735,0.003384647,0.004844896,-0.0004839496,0.001280183,0.001892001,0.01679402,-0.00380755,0.1384521,-0.9900035,0.006015584,-0.0009278513,0.004513488,0.003653808,0.001688161,-0.0008308064,0.002679384,0.003515515,0.008923031,-0.0008630547,0.007346089,0.003508316,-0.2351034,0.9719704,0.7862306,-0.6179332,-0.7720678,-0.6355401,0.100013,0.9949861,-0.8921245,0.4517895,0.9999128,-0.01320243,-0.9999128,0.01320243,0.2400395,0.9707631,-0.2813777,0.9595971,0.2798289,0.9600499,0.03528849,-0.9993771,-0.1132652,0.9935648,0.1340745,0.9909713,0.01812101,0.9998358,-0.0770089,0.9970304,0.01164019,0.9999323,0.006166846,0.999981,0,1,0
0.5036693,0.1069285,0.5447716,0.07845755,0.4660021,0.07404713,0.55264,0.1278346,0.4200691,0.09379966,0.5527395,0.299859,0.3527418,0.300812,0.5965471,0.4950023,0.3126309,0.4967485,0.6533378,0.68677,0.277469,0.6936334,0.5329435,0.4988769,0.3837331,0.4983963,0.5369838,0.6988361,0.3694262,0.6978839,0.5335739,0.898807,0.3682135,0.8978803,0.01600355,-0.009056075,0.09077706,0.0931851,0.04075197,-0.03785063,-0.05035322,0.119906,-0.009658637,-0.1475973,-0.1082992,-0.06683059,-0.1081888,-0.01499414,-0.1383904,-0.0600251,0.24984,0.06525613,-0.1454122,-0.05794299,0.8328676,0.1876342,-0.1092585,-0.0669277,-0.0339406,-0.02635083,-0.1704476,-0.06550334,-0.03350211,-0.02631846,-0.09700426,-0.06397596,-0.04793268,-0.02639498,-0.2546431,0.9670351,0.8220471,-0.5694196,-0.7533429,-0.6576279,0.157367,0.9875402,-0.9186593,0.3950506,0.9999887,-0.004764796,-0.9999887,0.004764796,0.2190381,0.9757164,-0.2005544,0.9796826,0.2839532,0.9588382,-0.1758092,0.9844243,-0.09897978,0.9950895,0.1549564,0.9879214,0.02020151,0.9997959,-0.07153422,0.9974381,-0.0170499,0.9998546,-0.006063431,0.9999816,1,0,0
0.5027286,0.1072955,0.5417452,0.07602713,0.4663877,0.07295398,0.5521555,0.1249314,0.421302,0.09457059,0.5570658,0.2984578,0.3571933,0.305598,0.5996922,0.4938625,0.2984364,0.4967723,0.6609983,0.6842346,0.3217322,0.2981337,0.53483,0.4972179,0.3867728,0.5033985,0.5388326,0.6971778,0.3743205,0.7030105,0.5375863,0.8971739,0.3729921,0.9030061,0.0004539212,-0.001009975,6.767279E-05,-0.001494315,-0.001654282,0.001168167,-0.009355763,0.0008928881,-0.0009454553,0.002671867,-0.001900578,-0.007480637,-0.001615159,0.004435211,0.008835226,-0.009701226,-0.02836653,-0.002991273,0.008113937,-0.009468298,0.2303099,-0.9722841,-0.001622938,-0.00744952,0.0007363192,0.004089219,-0.007927082,-0.007284039,0.001334876,0.004126831,-0.0008196262,-0.007189931,0.003733559,0.004148433,-0.2279955,0.9736622,0.7803309,-0.6253669,-0.7268183,-0.6868297,0.2082062,0.9780849,-0.9017144,0.4323322,0.9993625,-0.03570109,-0.9993625,0.03570109,0.2131319,0.9770234,-0.2937843,0.9558718,0.3065308,0.9518607,0.1164788,-0.9931931,-0.111179,0.9938004,0.1478979,0.9890026,0.02001315,0.9997997,-0.06226167,0.9980599,-0.006231368,0.9999806,-0.006642044,0.9999779,0,1,0
0.5027387,0.107272,0.535412,0.06942417,0.4643429,0.07524449,0.5587822,0.1136264,0.4208148,0.09984733,0.5623161,0.3043412,0.3623304,0.3019506,0.6059325,0.4995273,0.3111427,0.4952893,0.6605521,0.6919246,0.2768952,0.6923352,0.5412644,0.5032302,0.3895646,0.5000877,0.5441064,0.70321,0.3730665,0.699406,0.5394944,0.9031568,0.3749607,0.8993971,-0.003429694,0.01137678,0.01579661,0.02758135,-0.01306375,0.0227629,0.0620221,0.004560784,-0.009260301,0.02955023,0.0399185,0.0107851,0.03963976,0.0302686,0.06848872,0.004504087,0.04120954,0.0306848,-0.0328906,0.03465296,0.9327469,0.2884554,0.09237369,0.01666829,0.04640096,0.02934435,0.06732184,0.01709779,-0.01992567,0.02437528,0.04752794,0.01668729,0.07416033,0.02452605,-0.2020773,0.9793696,0.6534649,-0.7569568,-0.7679163,-0.6405501,0.4674041,0.8840438,-0.870563,0.492057,0.9999285,0.01195282,-0.9999285,-0.01195282,0.2180821,0.9759305,-0.2559382,0.9666932,0.2730977,0.9619863,-0.1712379,0.9852297,-0.1052588,0.9944448,0.1361713,0.9906853,0.01421005,0.999899,-0.08249045,0.9965919,-0.02305984,0.9997341,0.009470581,0.9999552,1,0,0
0.5004791,0.1077335,0.530628,0.06784555,0.4622746,0.07547799,0.5553643,0.111298,0.4191782,0.1008296,0.56761,0.3021894,0.3676902,0.3078521,0.607505,0.49817,0.3064929,0.4982592,0.660357,0.6910603,0.3274615,0.2993615,0.5425047,0.5006075,0.3948759,0.5059958,0.5489754,0.7005028,0.3839713,0.7056983,0.5497373,0.9005014,0.3834995,0.9056978,0.05368296,0.006985357,-0.1473829,-0.1677777,0.02349509,0.04189469,-0.2651143,-0.09511405,-0.00591449,-0.006480171,-0.1136015,-0.01862995,-0.1136224,-0.01935355,-0.04403294,-0.03246338,-0.4375676,-0.1157851,-0.2326545,0.02177565,0.6865567,-0.07874043,-0.148544,-0.02297158,-0.1240437,-0.01791565,-0.1723509,-0.02216421,-0.1310983,-0.01829723,-0.07986423,-0.02196877,-0.07560287,-0.01796916,-0.1641449,0.9864362,0.602977,-0.7977585,-0.7640897,-0.6451101,0.4947256,0.8690493,-0.8619274,0.5070317,0.9995991,-0.0283131,-0.9995991,0.0283131,0.199475,0.9799029,-0.3059866,0.9520358,0.2642599,0.9644515,0.1048429,-0.9944888,-0.1255268,0.9920902,0.1359287,0.9907186,0.0323537,0.9994764,-0.0545232,0.9985125,0.003809631,0.9999928,-0.002359003,0.9999973,0,1,0
0.4987921,0.10747,0.5358015,0.07385001,0.4608396,0.07491845,0.5660306,0.1136772,0.4183928,0.1013432,0.5735816,0.3046158,0.3735974,0.3071356,0.6137323,0.5005442,0.3184268,0.4993756,0.6650622,0.6938451,0.2905463,0.6974227,0.5488635,0.5030825,0.4008443,0.505271,0.5533974,0.7030311,0.3864188,0.7047501,0.5533645,0.9030311,0.3859539,0.9047495,0.001500145,-0.002256051,-0.001444548,-0.005532406,-0.0108217,0.01148217,0.006970066,-0.01175389,-0.004992376,0.02113457,0.03787196,0.007436689,0.03772776,-0.00191415,0.04353201,0.006287257,0.03398434,-0.002983412,0.002128101,0.0178558,0.9096376,0.4025899,0.03458177,0.007030628,0.02693982,-0.0003946444,0.02498223,0.007275853,0.01808017,-0.00101168,0.012715,0.007319041,0.001590988,-0.0009684922,-0.126013,0.9920286,0.7401882,-0.6723998,-0.759051,-0.6510312,0.6045817,0.7965431,-0.8489358,0.5284959,0.9999207,-0.01259893,-0.9999207,0.01259893,0.2007538,0.9796417,-0.2758531,0.9611998,0.2566496,0.9665045,-0.1394024,0.9902358,-0.1235902,0.9923334,0.1362343,0.9906766,0.02266943,0.999743,-0.07212772,0.9973955,-0.0001648069,1,-0.002324283,0.9999973,1,0,0
0.4987226,0.1073026,0.5343823,0.0722542,0.4610561,0.07442048,0.5617276,0.1141139,0.4183656,0.1004498,0.5668818,0.3039693,0.366888,0.3055351,0.6133074,0.4985063,0.3100343,0.4972841,0.6664401,0.6913195,0.3606904,0.6907627,0.5449607,0.5027643,0.395234,0.5035162,0.5485223,0.7027326,0.3822619,0.7030951,0.5530159,0.9026821,0.3810633,0.9030915,-0.004536972,-0.002006046,-0.008093907,-0.005658892,-0.01164727,0.00597914,-0.005685647,-0.007223321,-0.009665795,0.009255311,0.0008191846,-0.01372767,0.0008710728,0.01146469,0.04948187,-0.02475293,-0.04296471,-0.001034521,0.0629689,-0.02842305,0.9911933,-0.01774122,0.02049778,-0.01146729,0.005185899,0.01085111,0.00587439,-0.0111579,-0.03695022,0.008522633,0.05558197,-0.01170727,-0.03269053,0.008552469,-0.1591885,0.9872482,0.7131934,-0.7009674,-0.7533308,-0.6576419,0.5469062,0.837194,-0.853809,0.5205864,0.9999694,-0.007829369,-0.9999694,0.007829369,0.2321276,0.9726853,-0.2842685,0.9587447,0.2656636,0.9640658,0.2532808,0.9673929,-0.1096058,0.9939752,0.14173,0.9899054,0.01780808,0.9998415,-0.06486043,0.9978943,0.02246827,0.9997476,-0.005992949,0.9999821,0,1,0
0.5007115,0.1084593,0.531833,0.06932547,0.4621209,0.07666671,0.5588546,0.1113948,0.4184632,0.1010389,0.5604849,0.3048375,0.3604871,0.3039071,0.6010184,0.500687,0.2996366,0.4944254,0.6617027,0.6912583,0.2511306,0.6884542,0.5379306,0.5035617,0.387672,0.5020509,0.540942,0.703539,0.3790023,0.7018629,0.5432705,0.9035255,0.3762377,0.9018438,0.05560711,0.02460414,-0.1411022,-0.1577258,0.0207166,0.06566816,-0.1153821,-0.1739358,0.002441479,0.03371605,-0.1691602,-0.002664682,-0.1690819,-0.0328912,-0.2136294,0.006687621,0.2486722,0.1150594,-0.1806546,-0.003723572,0.729423,0.2534124,-0.1075732,0.004597343,-0.1143898,-0.04017862,-0.1561002,0.005494385,-0.1399714,-0.0412428,-0.1056437,0.005086062,-0.09631781,-0.04050443,-0.2011275,0.9795651,0.6224296,-0.7826757,-0.7718117,-0.6358512,0.5404328,0.8413872,-0.8731544,0.4874438,0.9999892,0.004651845,-0.9999892,-0.004651845,0.2026677,0.9792476,-0.3042524,0.9525914,0.3034213,0.9528565,-0.2425298,0.970144,-0.1127714,0.993621,0.1359247,0.9907192,0.01505703,0.9998866,-0.04334852,0.99906,0.01164228,0.9999322,-0.01382291,0.9999045,1,0,0
0.5011336,0.1081087,0.5357301,0.07201058,0.4656937,0.07283811,0.5548199,0.1182229,0.421113,0.09547789,0.5562332,0.2987546,0.3564156,0.3072943,0.5994609,0.4940272,0.2994558,0.4990118,0.6579066,0.6852969,0.2885105,0.2993115,0.5322296,0.497309,0.3866177,0.5050007,0.5361651,0.6972703,0.3733698,0.7045615,0.5416947,0.8971938,0.3745537,0.9045579,-0.0006388208,0.0009913518,0.004120575,0.005326531,0.004459797,-0.004441838,-0.002920518,0.008489196,0.003479032,-0.006333479,0.0003759726,-0.009521061,0.0008388303,0.01208028,-0.0008839743,-0.009240442,0.007801356,0.01420333,0.002659938,-0.01030915,0.01103191,-0.9990158,4.506832E-05,-0.009560987,0.006680925,0.01122246,-0.001146671,-0.009536033,0.008902051,0.01137476,-0.0001205351,-0.009563255,0.01197532,0.01136584,-0.2240456,0.9745786,0.6919314,-0.7219632,-0.7087971,-0.7054124,0.3817951,0.924247,-0.8916144,0.4527956,0.999088,-0.04269838,-0.999088,0.04269838,0.2161383,0.9763628,-0.284799,0.9585872,0.2922285,0.9563485,-0.0547266,-0.9985014,-0.1200181,0.9927717,0.1510103,0.9885322,0.01967758,0.9998063,-0.06623924,0.9978038,0.02764791,0.9996177,0.00591904,0.9999825,0,1,0
0.5022824,0.107861,0.5426883,0.07840987,0.466654,0.07278079,0.5603468,0.1251878,0.4212736,0.09377185,0.5571529,0.3018573,0.35716,0.3035499,0.599008,0.4974287,0.3128878,0.4985882,0.6594614,0.6880733,0.2749691,0.6949608,0.5363703,0.5007746,0.3849576,0.5016087,0.5414197,0.7007109,0.3716876,0.7011679,0.5334042,0.9005502,0.3699925,0.9011608,0.01442771,-0.003515276,0.4049968,0.4421802,0.01862002,-0.007781501,0.1918491,0.5312683,0.009646066,-0.02702042,0.01341461,0.02582205,0.01277798,-0.03346952,-0.007044348,0.03021738,-0.2249934,-0.08514713,0.1128042,-0.007162608,-0.252477,-0.09042152,0.1021844,0.03539913,-0.03003013,-0.02738899,0.1016877,0.03541096,-0.1468808,-0.03464227,-0.2803233,0.02561509,-0.2147304,-0.03504041,-0.2256298,0.9742131,0.8081172,-0.5890217,-0.7125675,-0.7016035,0.3531718,0.9355585,-0.907607,0.4198211,0.9999642,-0.008462667,-0.9999642,0.008462667,0.2092758,0.9778566,-0.2213612,0.9751919,0.3022668,0.9532234,-0.1895934,0.9818627,-0.1039129,0.9945864,0.1389878,0.9902941,0.02524704,0.9996813,-0.06634996,0.9977964,-0.04007756,0.9991966,-0.008475333,0.9999641,1,0,0
0.4994724,0.1082217,0.535482,0.07353304,0.4611759,0.07607549,0.5563977,0.1189482,0.4168628,0.09923488,0.5633156,0.2991801,0.3636496,0.3107336,0.607389,0.4942635,0.3125832,0.5041043,0.6651586,0.6857385,0.3206823,0.3042684,0.5420122,0.4980423,0.3947301,0.5083039,0.5450535,0.6980191,0.3826262,0.7079373,0.5454857,0.8980187,0.3814169,0.9079337,-4.740356E-05,0.0005799035,-0.003391329,-0.002942576,-0.01341382,0.0155578,0.003790704,-0.0061475,-0.01306758,0.01622214,0.008625867,-0.01508401,0.01018268,0.01977262,-0.00452941,-0.01204149,-0.02328048,0.01139976,-0.01060299,-0.01019334,0.9355811,-0.3447202,0.004970263,-0.01547074,0.01470281,0.01906966,0.004839508,-0.01546857,0.02321747,0.01961362,0.000293507,-0.01545079,0.0205844,0.01960018,-0.1799488,0.983676,0.7201936,-0.6937732,-0.7659303,-0.6429236,0.4183126,0.9083031,-0.8862602,0.4631877,0.9983301,-0.05776761,-0.9983301,0.05776761,0.220367,0.975417,-0.255332,0.9668534,0.2888477,0.957375,0.04049584,-0.9991797,-0.1065174,0.9943108,0.1554026,0.9878513,0.01520663,0.9998844,-0.06051927,0.998167,0.002161264,0.9999977,-0.006046891,0.9999818,0,1,0
0.5018721,0.1084696,0.5355501,0.07151291,0.4651895,0.07449321,0.5581361,0.1161209,0.4205577,0.09703197,0.5579463,0.3018073,0.3579781,0.3053724,0.5986432,0.497623,0.3075432,0.4989088,0.6556053,0.6893398,0.2703666,0.6954231,0.5341179,0.5003828,0.3871173,0.5032383,0.5403386,0.700286,0.3757145,0.702913,0.5443579,0.9002457,0.3758769,0.9029129,0.02734409,-0.02288283,-0.009289713,-0.05750076,0.00694693,-0.001325499,-0.03512179,-0.04408024,0.004807688,-0.005544584,-0.01850632,-0.09029181,-0.01764148,0.02448457,-0.09893186,-0.07295689,0.02126282,0.03477287,-0.02957388,-0.09307657,0.9118959,0.2812053,-0.07316791,-0.09657745,-0.01066464,0.02346105,0.02767474,-0.09880226,0.03361892,0.02616605,-0.003456019,-0.09808946,0.08770811,0.02638371,-0.2195492,0.9756014,0.6735597,-0.7391328,-0.7336505,-0.679527,0.4517208,0.8921593,-0.8926376,0.4507751,0.9998411,-0.01782537,-0.9998411,0.01782537,0.2034846,0.9790782,-0.2521749,0.9676817,0.2848101,0.958584,-0.1858828,0.9825719,-0.1191422,0.9928772,0.1456956,0.9893295,0.03110349,0.9995162,-0.05701363,0.9983734,0.0200966,0.999798,0.0008116663,0.9999997,1,0,0
0.5011286,0.1084918,0.5333736,0.07027842,0.4632304,0.07587703,0.5551851,0.1152702,0.4188298,0.09886804,0.5547687,0.302463,0.354772,0.3036268,0.5995454,0.4973862,0.3074441,0.4979463,0.6547737,0.6896096,0.2767385,0.6955751,0.5310193,0.501048,0.3848594,0.5013508,0.5390477,0.7008868,0.3722585,0.7009534,0.5407491,0.9008796,0.3738194,0.9009473,0.01958522,-0.004895637,0.02454371,-0.0007241156,0.02904887,-0.01596531,-0.05431603,0.03944591,0.0007368194,-0.06889562,-0.1987032,-0.05124305,-0.198738,-0.05684876,-0.1479951,-0.06273529,0.4364659,0.1228483,-0.09419788,-0.07800925,-0.6996468,0.01970557,-0.1476955,-0.04499279,-0.02477505,-0.08157701,-0.1435982,-0.04515593,-0.1563154,-0.08891311,-0.2197781,-0.04418509,0.1541544,-0.08596583,-0.2317913,0.9727655,0.6448995,-0.7642674,-0.7579649,-0.6522954,0.4362298,0.8998353,-0.888012,0.4598203,0.9999831,-0.005818903,-0.9999831,0.005818903,0.2238837,0.9746159,-0.2366397,0.9715975,0.2761411,0.9611171,-0.1535279,0.9881443,-0.1187467,0.9929246,0.150437,0.9886196,0.04014164,0.999194,-0.06300478,0.9980133,0.00850737,0.9999638,0.007804483,0.9999695,0,1,0
0.5025436,0.1079552,0.5413203,0.07638989,0.4660844,0.07373925,0.5599863,0.122775,0.4211279,0.09562339,0.5590554,0.3020284,0.3590685,0.3043143,0.6018024,0.4974067,0.3111348,0.4984853,0.6615568,0.6882716,0.2718817,0.6945955,0.5352361,0.5006049,0.3844649,0.5026954,0.5423927,0.7004769,0.3727814,0.7023538,0.5411713,0.9004732,0.3728991,0.9023538,0.03067515,-0.00131549,0.2098888,0.1852894,0.007790753,0.02256276,-0.004452935,0.2910273,-0.01513414,-0.02267178,-0.05829879,-0.02068712,-0.05829408,-0.02023505,0.03833216,-0.04104084,-0.1384347,-0.03946517,-0.05849469,-0.009870295,0.8306363,0.2364068,-0.09142644,-0.02457214,-0.1104804,-0.01333243,0.0133362,-0.02745223,-0.163052,-0.01618992,-0.0543469,-0.02750309,-0.02672043,-0.01479979,-0.2174079,0.9760808,0.7755338,-0.6313061,-0.7291828,-0.6843189,0.3733205,0.9277024,-0.8991295,0.4376827,0.9999347,-0.01142978,-0.9999347,0.01142978,0.2137348,0.9768917,-0.2396684,0.9708548,0.2987719,0.9543246,-0.1962657,0.9805508,-0.1190969,0.9928826,0.1269819,0.991905,0.03578334,0.9993595,-0.05841717,0.9982923,-0.006107389,0.9999814,0.0005882978,0.9999999,1,0,0
0.5012516,0.1093955,0.5359423,0.07338783,0.4656378,0.0743006,0.5548601,0.1196709,0.4206553,0.09613107,0.5600697,0.3001127,0.3603222,0.3101599,0.6002311,0.4960389,0.3065458,0.5027946,0.6566052,0.6879293,0.3005719,0.3028838,0.5360379,0.4986636,0.3911919,0.5077632,0.5427377,0.6985514,0.3793808,0.7074142,0.5416489,0.8985484,0.3805085,0.907411,-0.00168444,0.002933973,-0.001345467,0.003259454,0.0003601302,0.0008110212,-0.0117805,0.008079626,-0.001220058,-0.002334656,-0.001803104,-0.01345375,-0.001201354,0.01939828,-0.007690443,-0.012211,0.03534297,0.03108564,-0.007131774,-0.0123749,0.007760737,-0.9974,-0.0002865404,-0.01326779,0.0111996,0.01761541,-0.005435222,-0.0130694,0.000928305,0.01711071,0.00108775,-0.01299244,0.01171105,0.01716299,-0.2052782,0.9787036,0.6938137,-0.7201545,-0.7122766,-0.7018989,0.3783547,0.9256607,-0.8996512,0.4366094,0.9987373,-0.05023628,-0.9987373,0.05023628,0.2008068,0.9796309,-0.2688822,0.963173,0.2818707,0.9594524,-0.02986923,-0.9995538,-0.1201594,0.9927546,0.1543485,0.9880165,0.0334993,0.9994388,-0.05905584,0.9982547,-0.005443989,0.9999852,0.005638748,0.9999841,0,1,0
0.5026555,0.1083727,0.5408672,0.07612578,0.4665655,0.07376763,0.5568401,0.1235058,0.4211788,0.09474487,0.5611432,0.3051918,0.3611569,0.3028454,0.599054,0.5015659,0.3143634,0.4972942,0.6601026,0.6920208,0.2730572,0.6929823,0.5389212,0.5039535,0.3894559,0.5008332,0.540763,0.703945,0.3755804,0.7003512,0.540625,0.903945,0.3757796,0.9003512,0.0189108,-0.01063536,0.02619508,-0.002047556,0.006791316,0.001903994,-0.03377565,0.01914089,0.001995441,-0.008401631,0.01819496,0.02146869,0.01871545,-0.04293082,0.03541448,0.01816349,0.5496181,0.102541,-0.03606477,0.04141392,0.7640113,0.1505994,0.09419739,0.03030133,0.108446,-0.05528498,-0.003395658,0.03174088,-0.01820151,-0.06317759,-0.1797339,0.03338758,-0.05735515,-0.06305173,-0.2075273,0.9782293,0.764234,-0.6449391,-0.7217997,-0.692102,0.3194571,0.9476007,-0.9077347,0.4195448,0.9999312,0.01173228,-0.9999312,-0.01173228,0.1895544,0.9818702,-0.2339676,0.9722444,0.3052429,0.9522746,-0.2065311,0.97844,-0.1111096,0.9938082,0.1414947,0.989939,0.009208918,0.9999576,-0.06937713,0.9975905,-0.0006899236,0.9999998,0.0009956955,0.9999995,1,0,0
0.5010378,0.1089007,0.5327582,0.07025072,0.4626863,0.07682009,0.5521834,0.1163231,0.4184361,0.1000993,0.5577527,0.3005591,0.3578835,0.3077908,0.6025109,0.4954865,0.3112419,0.5022762,0.6566636,0.6880157,0.2895892,0.3034517,0.5375966,0.4995409,0.3887542,0.505394,0.5442855,0.699429,0.3773924,0.705071,0.546241,0.8994194,0.3767028,0.9050698,-0.0001606501,0.0002031033,-0.00156924,-0.0009698948,-0.001296654,0.001542402,-0.01165798,0.003811719,-0.0002863299,0.003503761,0.001174945,-0.009745447,0.001505942,0.01082083,0.004793086,-0.01056252,0.0378622,0.02096943,-0.0005415071,-0.009030768,0.04211187,-0.9973409,0.001547708,-0.009707576,0.005820819,0.01016555,0.004615027,-0.009801034,0.006030718,0.01017761,0.008994117,-0.009825162,0.01693637,0.01033124,-0.2160989,0.9763715,0.6344079,-0.7729985,-0.7670301,-0.6416112,0.3885043,0.921447,-0.8850042,0.4655831,0.9993461,-0.03615856,-0.9993461,0.03615856,0.2237913,0.9746371,-0.233208,0.9724269,0.2707633,0.9626459,-0.1082635,-0.9941223,-0.1007804,0.9949088,0.1543535,0.9880157,0.03344476,0.9994406,-0.05680873,0.9983851,0.009777247,0.9999522,-0.00344798,0.999994,0,1,0
0.499071,0.1084741,0.5350303,0.07373317,0.4604135,0.07676293,0.5639266,0.1145376,0.4169234,0.101433,0.5677726,0.3064248,0.3677743,0.3055953,0.6109738,0.5017032,0.3170915,0.4990669,0.6652889,0.6941866,0.2567444,0.6897452,0.5453787,0.5051671,0.394312,0.5038269,0.5489301,0.7051356,0.3830031,0.7035069,0.5500383,0.9051325,0.3845859,0.9035007,-0.0009601153,0.006943484,-0.05870295,-0.05494888,-0.0272881,0.03848848,0.09521914,-0.1554172,-0.02714061,0.03874766,0.006848051,0.1101703,0.005543798,-0.09401032,0.005688394,0.1104263,0.8316363,0.1622436,0.105523,0.08282729,-0.2902989,-0.1204829,0.05610023,0.1158472,-0.007098202,-0.09230699,-0.02290974,0.1175707,0.008197129,-0.09142785,-0.1014223,0.1183255,0.08473017,-0.0917315,-0.1564878,0.9876799,0.7191854,-0.6948183,-0.7731501,-0.634223,0.5779265,0.8160888,-0.8698016,0.4934017,0.9999914,0.004147291,-0.9999914,-0.004147291,0.216006,0.976392,-0.2534139,0.9673579,0.2715752,0.9624172,-0.3017357,0.9533916,-0.1119697,0.9937117,0.1326886,0.9911578,0.01775712,0.9998423,-0.05654484,0.9984001,0.005540847,0.9999847,0.007914157,0.9999687,1,0,0
0.4987674,0.108102,0.5351164,0.073769,0.4600474,0.07646722,0.5592388,0.1175652,0.416287,0.1006546,0.5629005,0.302507,0.3629562,0.3072224,0.6085752,0.4972217,0.3188283,0.5022935,0.6587006,0.6908384,0.1579671,0.6211366,0.5406936,0.5012703,0.3917761,0.5051351,0.5471842,0.701165,0.3775953,0.7046317,0.5458305,0.9011604,0.3763306,0.9046277,-0.002699871,-0.0004302749,-0.005831667,-0.003786283,-0.005101856,0.00248004,0.006502539,-0.01028911,-0.003898019,0.004675051,-0.007627637,-0.01125212,-0.007287422,0.008673769,0.006577637,-0.01451317,0.06985075,0.02824943,-0.03779183,-0.002310729,-0.8261895,-0.5548713,0.02016711,-0.007888431,0.003437876,0.007151109,0.00996522,-0.007522956,-0.02257592,0.005524905,-0.01611366,-0.007476987,-0.0003493175,0.005827116,-0.1791954,0.9838135,0.726979,-0.6866598,-0.7744008,-0.6326954,0.4824482,0.8759245,-0.8752078,0.4837472,0.999722,-0.02357722,-0.999722,0.02357722,0.2283731,0.9735737,-0.2206394,0.9753554,0.2506271,0.9680837,-0.8043057,0.5942156,-0.1110348,0.9938166,0.1440999,0.9895632,0.03245294,0.9994733,-0.07090405,0.9974831,-0.006768406,0.9999771,-0.006323606,0.99998,0,1,0
0.4972338,0.1074869,0.5353385,0.07511364,0.456328,0.07873429,0.5668872,0.1139038,0.414167,0.1056128,0.5710576,0.304892,0.3710652,0.3066421,0.6113183,0.5007978,0.3234375,0.5008883,0.6653919,0.6933492,0.2526398,0.6879383,0.5487315,0.503642,0.396828,0.5049759,0.5558345,0.7035158,0.3876261,0.7047641,0.5519863,0.9034787,0.3854322,0.904752,0.004420264,0.006274437,-0.02205881,-0.02594704,-0.001596122,0.01475976,0.03111641,-0.06691492,-0.01863584,-0.01126203,0.02387884,0.06162108,0.02185541,-0.04413433,-0.03116802,0.0732516,0.1746482,-0.004150069,-0.1249863,0.1005716,0.8849893,0.3293491,0.05853813,0.06563454,0.00737419,-0.04223386,0.0954106,0.06445661,0.009243542,-0.04214733,-0.02682365,0.06357165,-0.01815465,-0.04237503,-0.130862,0.9914006,0.7620942,-0.6474661,-0.818116,-0.5750532,0.6309738,0.7758042,-0.8432192,0.5375699,0.9999617,-0.008750559,-0.9999617,0.008750559,0.2013036,0.9795288,-0.2381386,0.9712312,0.2703678,0.9627571,-0.3539884,0.9352499,-0.1116303,0.9937498,0.1288137,0.9916688,0.03551513,0.9993691,-0.04600912,0.9989411,-0.01924098,0.9998149,-0.01096949,0.9999398,1,0,0
0.4987158,0.1080945,0.5349448,0.073635,0.4587096,0.07810285,0.5594798,0.1172015,0.4152184,0.1027711,0.5649874,0.3037771,0.3650085,0.3066865,0.6096748,0.4987208,0.3022663,0.4965902,0.6629806,0.6914862,0.2778525,0.6950945,0.5382822,0.5019862,0.3903164,0.5050788,0.5453649,0.7018608,0.3831698,0.704951,0.5513797,0.9017704,0.3770028,0.904856,0.01221979,0.01926977,0.02374253,0.0312946,0.0611537,-0.04860808,-0.09435585,0.1026801,0.01025415,-0.1338839,-0.1085026,-0.06916714,-0.1075571,0.06825376,-0.0594765,-0.08025989,0.4028552,0.2542293,-0.2426225,-0.02751089,0.6818299,0.2929999,-0.06422234,-0.06308728,-0.1189383,0.06971063,-0.007072015,-0.06493007,-0.03809888,0.07296621,-0.0628309,-0.06307661,-0.1526586,0.07016464,-0.1685893,0.9856864,0.7245803,-0.6891904,-0.800125,-0.5998333,0.4906988,0.8713292,-0.8698223,0.4933651,0.9998942,-0.01454681,-0.9998942,0.01454681,0.2234369,0.9747184,-0.313711,0.9495185,0.2665294,0.9638268,-0.122069,0.9925216,-0.133526,0.9910453,0.1265393,0.9919615,0.0354135,0.9993727,-0.03573284,0.9993614,0.03007411,0.9995477,-0.03083527,0.9995245,0,1,0
0.4967154,0.1079281,0.534994,0.07576068,0.4567157,0.07792761,0.5670162,0.1141609,0.4140799,0.1040464,0.5662704,0.3081906,0.3663374,0.3030143,0.6093116,0.5035043,0.3169858,0.4968297,0.6641977,0.6958257,0.2503449,0.6854007,0.541144,0.5066059,0.3958162,0.5008299,0.5432277,0.7065951,0.3846138,0.7005159,0.5469343,0.9065607,0.3845606,0.9005159,0.002277448,0.0003491591,-0.001408601,-0.004249674,0.002487958,6.765858E-05,0.005832344,-0.009858048,0.0006512942,-0.002841263,-0.009598356,0.01295281,-0.009662493,-0.01563053,-0.0115399,0.01338466,0.008477805,-0.01065219,-0.0002311069,0.01029789,-0.2226337,0.9728761,-0.01187702,0.01266938,-0.01150824,-0.0153521,-0.02088655,0.01284309,-0.01483279,-0.01552762,-0.01647689,0.01278054,-0.01287361,-0.01552338,-0.1520573,0.9883717,0.7655731,-0.6433489,-0.7999926,-0.6000099,0.6404446,0.7680044,-0.8527158,0.522375,0.999665,0.02588123,-0.999665,-0.02588123,0.2152062,0.9765686,-0.2467583,0.9690771,0.2744302,0.961607,-0.3332042,0.9428546,-0.125632,0.9920769,0.1473938,0.9890779,0.01041859,0.9999458,-0.05601212,0.9984301,0.01853287,0.9998283,-0.0002655387,1,1,0,0
0.4981588,0.1082227,0.5346938,0.07408775,0.4580887,0.07831638,0.5641181,0.1145131,0.4155598,0.1046089,0.5672063,0.3072912,0.3672281,0.3043383,0.6079837,0.50309,0.3052287,0.4944859,0.6643093,0.6949947,0.2921898,0.6940604,0.5382758,0.5051876,0.3925161,0.5027332,0.5446516,0.705086,0.3865286,0.7026436,0.5477101,0.9050626,0.3806801,0.9025581,-0.004826618,0.0003760218,0.005736175,0.01152731,-0.01783054,0.01745703,-0.03849497,0.04543026,-0.001076454,0.04545774,-0.01808524,0.009523873,-0.01780909,-0.01284171,0.01813082,0.002136822,-0.2178741,-0.07297235,0.0889154,-0.01801151,0.9486479,0.1609185,-0.05972646,0.003634206,0.01943784,-0.01742971,0.02318868,0.001754768,0.001686401,-0.01792705,-0.004898337,0.002272217,0.003718661,-0.01786673,-0.1547079,0.9879602,0.7307002,-0.6826985,-0.8014018,-0.5981264,0.5884871,0.8085066,-0.8505766,0.5258512,0.999891,0.01476407,-0.999891,-0.01476407,0.2038872,0.9789944,-0.3099969,0.9507376,0.2816281,0.9595237,-0.06519466,0.9978726,-0.1446524,0.9894825,0.1264399,0.9919742,0.03187894,0.9994918,-0.02993748,0.9995518,0.01529247,0.9998831,-0.02924218,0.9995723,0,1,0
0.4961572,0.1080222,0.5360954,0.07794005,0.4552768,0.07923344,0.5663404,0.1177551,0.4135116,0.1067229,0.5717747,0.308515,0.371814,0.3045506,0.6090829,0.5050044,0.3093236,0.4945373,0.6712611,0.6950935,0.2351738,0.6802839,0.54545,0.5067749,0.3986937,0.5027361,0.5494802,0.7067343,0.3911938,0.7025954,0.551143,0.9067274,0.3896625,0.9025896,0.0004667208,-0.0005877793,0.0006373058,-0.0003619436,-0.003054913,0.004173553,0.001489928,-0.001003969,-0.001706381,0.006266689,0.00531725,0.006399139,0.005410352,-0.006324536,6.868892E-05,0.007424317,-0.01201002,-0.01171048,0.009374294,0.004478882,-0.2533045,0.9668766,0.004525129,0.006294513,0.0004608071,-0.005628398,0.0002624736,0.006398229,0.003766746,-0.005493598,0.002254301,0.006385644,0.008801583,-0.005430064,-0.121814,0.9925529,0.7987653,-0.6016428,-0.8176082,-0.575775,0.6048999,0.7963015,-0.8353038,0.5497886,0.9998035,0.01982182,-0.9998035,-0.01982182,0.1865411,0.9824472,-0.312452,0.9499335,0.310891,0.9504456,-0.370749,0.9287331,-0.1316237,0.9912997,0.1343985,0.9909273,0.02015114,0.999797,-0.03749952,0.9992967,0.008313952,0.9999654,-0.007656515,0.9999707,1,0,0
0.4952807,0.1084868,0.5369714,0.08088472,0.4551932,0.07860379,0.5643235,0.12274,0.4140834,0.107064,0.5705112,0.3104221,0.3706315,0.3034871,0.6107213,0.5063382,0.3093215,0.493858,0.6739378,0.6960846,0.248444,0.6843677,0.5430843,0.5085326,0.3973521,0.501694,0.5517365,0.7083454,0.3886991,0.7015067,0.5531489,0.9083403,0.3865551,0.9014952,-0.08054828,0.01648209,-0.06978563,0.03265334,-0.02838294,-0.05522195,0.04631464,-0.0402713,0.03787726,0.04375694,0.06979018,0.1146569,0.07442709,-0.04212095,0.0862876,0.1112815,-0.1808944,-0.1218828,0.3914423,0.01316521,0.5542902,0.1338979,-0.02311186,0.1020895,0.08665356,-0.04376433,0.1278153,0.09630244,0.4144724,-0.02603039,0.1028259,0.09649792,0.4074374,-0.02610767,-0.1235467,0.9923388,0.8338162,-0.5520422,-0.8017492,-0.5976607,0.5470406,0.837106,-0.8221965,0.5692039,0.9993986,0.03467501,-0.9993986,-0.03467501,0.2010506,0.9795809,-0.3065498,0.9518546,0.3160825,0.9487317,-0.3043875,0.9525483,-0.1371345,0.9905524,0.1336034,0.9910349,0.04326105,0.9990638,-0.04326523,0.9990636,0.007061959,0.999975,-0.01071975,0.9999425,0,1,0
0.4958552,0.109396,0.536164,0.07981216,0.4565917,0.0784383,0.5639185,0.1214017,0.4163992,0.1081799,0.5693547,0.3093509,0.3693842,0.3059181,0.604422,0.5062526,0.3165314,0.4988081,0.6663007,0.6964394,0.2464693,0.3114814,0.5444944,0.5077997,0.3972415,0.5039685,0.5524068,0.7076432,0.3892673,0.7038094,0.5514237,0.9076408,0.385256,0.9037692,0.009323842,0.003014473,0.009160284,0.00279156,0.005365219,0.007998497,0.02683612,-0.008702982,2.532506E-05,0.0008580182,-0.01838494,0.04351161,-0.01796865,-0.0446122,-0.06276604,0.05170743,-0.0823307,-0.06159898,-0.09483284,0.06230913,-0.9643879,0.1445881,-0.025668,0.04260624,-0.03815958,-0.04171248,-0.0009095916,0.04171248,-0.01250214,-0.04059606,-0.02774465,0.04168188,-0.003464784,-0.04040402,-0.1324289,0.9911925,0.8061755,-0.5916764,-0.7852699,-0.6191537,0.5550898,0.8317904,-0.8038508,0.594831,0.9998527,0.01716405,-0.9998527,-0.01716405,0.1753363,0.9845086,-0.2642639,0.9644504,0.3093934,0.9509341,-0.3503106,-0.9366336,-0.1243016,0.9922445,0.1392867,0.9902521,0.03956229,0.9992171,-0.03987104,0.9992048,-0.004915595,0.999988,-0.02005637,0.9997988,1,0,0
0.4955782,0.109459,0.5359293,0.07993302,0.4564976,0.07827074,0.5642011,0.1211726,0.4169364,0.1088471,0.5700781,0.3086728,0.3700852,0.3069816,0.6051074,0.5055813,0.3263823,0.5021483,0.6617538,0.6973915,0.2621873,0.3127308,0.5435324,0.5069033,0.3996802,0.5047798,0.5501078,0.7067952,0.3896162,0.7045264,0.5572622,0.9066672,0.3868092,0.9045067,0.000542767,0.0004066062,-0.001957933,-0.003132208,0.003218526,-0.00306362,-0.004086155,-0.001642023,0.0008014844,-0.006097098,-0.003618447,-0.003997493,-0.003741433,0.00376012,-0.01462844,-0.001917433,0.03926656,0.01532773,-0.002430333,-0.005360274,-0.03696688,-0.9981428,-0.004259103,-0.004082872,0.003167079,0.002773413,-0.004858789,-0.004062856,0.0008931184,0.00266364,0.001067239,-0.004241433,0.006296082,0.002767314,-0.1274827,0.9918408,0.8070232,-0.5905198,-0.7816117,-0.6237653,0.5654359,0.8247922,-0.7912235,0.611527,0.9999642,0.00845611,-0.9999642,-0.00845611,0.1751465,0.9845424,-0.2185143,0.9758338,0.2832324,0.9590513,-0.320975,-0.9470877,-0.1327282,0.9911525,0.1479748,0.9889912,0.03287703,0.9994594,-0.05031989,0.9987332,0.03577172,0.99936,-0.01403496,0.9999015,0,1,0
0.4980334,0.1091641,0.5371543,0.0780264,0.4578187,0.07945245,0.5613676,0.1217725,0.4149429,0.1051752,0.5651341,0.3079385,0.3651565,0.3049445,0.5995523,0.5049547,0.305419,0.4958147,0.6511416,0.6981865,0.2486095,0.6875767,0.5377169,0.5060503,0.3947432,0.502744,0.5430107,0.7059802,0.3810552,0.702275,0.5472518,0.9059353,0.3784679,0.9022583,0.002073684,-6.456582E-05,-0.0003531049,-0.003214279,-0.0007509294,0.003614654,-0.00476609,-0.0006535179,0.0003015573,0.005402257,-0.0001397113,0.003335663,-8.328653E-05,-0.004183235,-0.003938778,0.004014411,-0.01007639,-0.007197457,-0.01726342,0.007768758,-0.2228507,0.974283,0.0004122308,0.003412347,0.001988597,-0.004488769,-0.003594377,0.0035345,-0.01340493,-0.005308128,-0.003939228,0.003542004,-0.011506,-0.005280066,-0.1644405,0.986387,0.7824181,-0.6227535,-0.8042936,-0.5942321,0.4842651,0.8749214,-0.8575177,0.5144544,0.9998879,0.01497001,-0.9998879,-0.01497001,0.1720911,0.985081,-0.2986875,0.9543509,0.2579466,0.9661592,-0.2840478,0.9588102,-0.1370862,0.9905592,0.1479334,0.9889973,0.02646893,0.9996497,-0.06844012,0.9976552,0.02120554,0.9997752,-0.01293615,0.9999163,1,0,0
