0.5007756,0.08894551,0.5400625,0.05801764,0.4633433,0.05579694,0.5835485,0.08269505,0.4250156,0.08790588,0.6082153,0.2892867,0.4082177,0.2883274,0.658453,0.4828743,0.3535709,0.4807169,0.5476157,0.3163958,0.451412,0.3062832,0.5838016,0.487791,0.4392772,0.4859009,0.5753956,0.6876143,0.4371048,0.6858891,0.5810668,0.8875338,0.4558723,0.8850067,1,0,0
0.5052382,0.19255,0.5448092,0.1619864,0.4690788,0.1580174,0.5832569,0.1939515,0.427875,0.1863414,0.5940552,0.4007136,0.3947716,0.3838,0.6474558,0.5934527,0.3570593,0.5802123,0.5199502,0.4393672,0.4404121,0.3984094,0.5587636,0.5975752,0.4315124,0.5803963,0.5861305,0.7956941,0.4336034,0.7803854,0.3883794,0.7657856,0.6283401,0.7348048,0,1,0
0.5178627,0.07895654,0.5539567,0.04435569,0.482316,0.04379362,0.5966418,0.07039385,0.44605,0.07821421,0.6380128,0.2810929,0.4381126,0.2747748,0.6963925,0.4723828,0.3830087,0.4670339,0.5702386,0.3171887,0.4776362,0.2908361,0.6037934,0.4781438,0.4652812,0.4729208,0.5921848,0.6778066,0.4616518,0.6728879,0.5725956,0.8768449,0.4762843,0.8723519,1,0,0
0.5241213,0.2201845,0.5631986,0.1889921,0.4874968,0.1861456,0.6044271,0.21728,0.4529014,0.2222449,0.6423451,0.4207956,0.442366,0.4179074,0.6987607,0.6126739,0.4099719,0.6152665,0.5424241,0.4879387,0.4948798,0.4341846,0.6070323,0.6176535,0.4876671,0.6127093,0.6005049,0.817547,0.4419646,0.8074175,0.4071451,0.7664391,0.6418866,0.8130044,0,1,0
0.4939266,0.08476217,0.5334987,0.05419999,0.4537663,0.05497701,0.5771481,0.07858703,0.4207644,0.09253855,0.6139281,0.2863955,0.4139978,0.2811165,0.6478434,0.4834989,0.3584295,0.4732419,0.5196673,0.3299707,0.451207,0.2960631,0.5886429,0.4847907,0.4533834,0.4772002,0.585331,0.6847633,0.4609491,0.677057,0.5975183,0.8843917,0.4962783,0.8739119,1,0,0
0.5004449,0.2118095,0.5421801,0.1842744,0.4650688,0.176475,0.5821803,0.2142741,0.4252495,0.2067145,0.5994222,0.4162121,0.3996164,0.4074025,0.6312563,0.6136624,0.3580069,0.6030263,0.4884446,0.4736451,0.4598491,0.4308979,0.5549988,0.6112161,0.4412184,0.6030279,0.5766127,0.8100448,0.4361392,0.8029634,0.3771794,0.7949992,0.6361392,0.8028784,0,1,0
0.5119163,0.07814303,0.549978,0.04571911,0.4786539,0.04081189,0.5939238,0.0695679,0.4543866,0.08452798,0.6524026,0.2749404,0.4524114,0.2730625,0.7067571,0.4674127,0.3896789,0.4629694,0.5691985,0.3222313,0.4780214,0.283538,0.6124173,0.4709026,0.4753583,0.4717417,0.6081868,0.6708578,0.477182,0.6717334,0.5955347,0.8704572,0.4942419,0.8710045,1,0,0
0.5057133,0.2213035,0.5420902,0.1870001,0.4680996,0.1883611,0.5857351,0.2113951,0.429945,0.2206756,0.6256924,0.4175214,0.4257696,0.4230771,0.6895905,0.6070393,0.3972185,0.6210287,0.5149715,0.5095294,0.4910828,0.4444233,0.5899377,0.6142994,0.471778,0.6177133,0.5779343,0.8139389,0.4393173,0.8150615,0.3985476,0.7255058,0.6391262,0.8063208,0,1,0
0.4919132,0.08442856,0.5269737,0.04878079,0.4515748,0.05488509,0.5684935,0.07663941,0.4191976,0.09298646,0.6029434,0.2862825,0.40299,0.2819632,0.6563733,0.4790136,0.3471786,0.4740182,0.5230209,0.3299595,0.4500017,0.302474,0.5776119,0.4846719,0.43576,0.4792603,0.5704618,0.684544,0.4522171,0.6785821,0.5785303,0.8843812,0.4808534,0.8765213,1,0,0
0.4937788,0.2123666,0.533561,0.1820785,0.4570403,0.1784508,0.5754731,0.2093433,0.4178021,0.2094405,0.6046585,0.4162882,0.4048369,0.407843,0.6603336,0.6083827,0.3680414,0.6044291,0.4945614,0.4964919,0.4643175,0.4291268,0.5630965,0.6119221,0.4510351,0.6024342,0.5757949,0.8115185,0.473776,0.8011371,0.3766858,0.7926623,0.6675938,0.7517951,0,1,0
0.5091693,0.08514605,0.5443336,0.04960066,0.4730422,0.05057972,0.5891893,0.07169062,0.4387099,0.08692934,0.6355779,0.2873665,0.4357365,0.2794021,0.7072679,0.4740763,0.3792924,0.471272,0.5512148,0.3489867,0.4783776,0.297542,0.6002834,0.4842276,0.4638116,0.4774218,0.5817786,0.6833697,0.4605767,0.6773956,0.5735066,0.8831986,0.4813641,0.8763124,1,0,0
0.5210001,0.2190466,0.5556684,0.1830173,0.4845449,0.1848264,0.6001404,0.2058698,0.4477691,0.2187018,0.6408551,0.4209706,0.4409402,0.4151381,0.7011164,0.6116761,0.410739,0.6128446,0.5239627,0.5188506,0.5204493,0.4456213,0.5968562,0.6160709,0.4830981,0.6106443,0.5885946,0.8159001,0.4445223,0.8068889,0.3886083,0.8135499,0.6443774,0.8145033,0,1,0
0.4891252,0.08769818,0.5265065,0.0544922,0.4471179,0.0605801,0.5685454,0.08156113,0.4135528,0.09763924,0.5996239,0.289294,0.3996589,0.285549,0.6565755,0.481014,0.3438064,0.4775919,0.5138499,0.3409091,0.4578243,0.3132754,0.5755833,0.4878439,0.4404106,0.4813533,0.5708845,0.6877887,0.4578879,0.6805882,0.5749071,0.8877482,0.4770992,0.8796633,1,0,0
0.4981947,0.22225,0.5380273,0.192028,0.4626872,0.1870474,0.5779541,0.2221253,0.4203988,0.2137249,0.5955088,0.4285117,0.3959033,0.4159572,0.6446499,0.6223806,0.3530894,0.6113209,0.4843033,0.5028442,0.4791282,0.4560333,0.5492105,0.6230791,0.4423661,0.6104854,0.5672468,0.8222641,0.4643842,0.8092697,0.3677843,0.8076112,0.6641493,0.7995797,0,1,0
0.5102486,0.08594981,0.5502271,0.05592117,0.4714579,0.05440172,0.5879897,0.08869293,0.4373953,0.09100422,0.6140022,0.2878986,0.4140416,0.2839299,0.688737,0.4734106,0.3429473,0.4708673,0.5436883,0.335712,0.4635008,0.3112839,0.5853788,0.4858397,0.4381786,0.482468,0.5746497,0.6855518,0.450906,0.6820626,0.556803,0.8847539,0.4535563,0.8820451,1,0,0
0.5174025,0.2146224,0.5558973,0.1827139,0.4792524,0.1823026,0.5967378,0.2115592,0.4410527,0.2145638,0.6281255,0.4172326,0.4282096,0.4114323,0.6948218,0.6057839,0.3963979,0.6088861,0.5234767,0.5026295,0.516699,0.4491124,0.5896826,0.6135032,0.4708675,0.6068301,0.5707273,0.8126029,0.4316417,0.8029457,0.3725819,0.7854295,0.6312395,0.7902673,0,1,0
0.4830062,0.08532234,0.5233406,0.05577346,0.4443921,0.05355836,0.566707,0.08066028,0.4099686,0.08982169,0.5926712,0.2869728,0.3927067,0.2832029,0.6449648,0.4800152,0.345324,0.477509,0.5214534,0.32271,0.4560317,0.3109443,0.5727517,0.4859784,0.4289087,0.4798991,0.5637343,0.685775,0.4503337,0.6787483,0.5798103,0.8851278,0.4782991,0.8767834,1,0,0
0.4882959,0.2117519,0.522998,0.1757551,0.4525049,0.1768376,0.5680015,0.1975423,0.4131362,0.2076614,0.600228,0.4127654,0.4002467,0.4100247,0.657005,0.6045371,0.3638365,0.6066825,0.4900361,0.4944398,0.4878811,0.4497974,0.5599356,0.6086647,0.4501458,0.6036999,0.5735845,0.8081985,0.4662352,0.8030517,0.3737767,0.7994312,0.6623119,0.7636316,0,1,0
0.5027563,0.0842485,0.5388773,0.04967576,0.4629928,0.05393576,0.5819205,0.07511754,0.4320008,0.09317214,0.6152489,0.2859474,0.4152926,0.2817657,0.6787001,0.4756154,0.3611815,0.4743066,0.5372673,0.3342055,0.4834642,0.3160443,0.5890627,0.4842257,0.4476083,0.4791377,0.582146,0.6841061,0.4627025,0.6785673,0.5670176,0.8835331,0.4686218,0.8784797,1,0,0
0.5217513,0.212258,0.5579066,0.1777211,0.4850946,0.1782537,0.6006998,0.203581,0.447745,0.2114953,0.6299781,0.413534,0.4299991,0.4106425,0.7017106,0.6002275,0.3903481,0.6066726,0.5248916,0.5067661,0.5381474,0.4719308,0.5887434,0.6092371,0.4742383,0.6056884,0.5687127,0.8082315,0.4388133,0.8025261,0.3695694,0.7897394,0.6377208,0.7816494,0,1,0
0.4948149,0.08758257,0.5335495,0.05596562,0.4555246,0.05665892,0.5729216,0.08678505,0.4165323,0.08795758,0.5891805,0.2910236,0.3893043,0.2839862,0.6465449,0.4826204,0.3433057,0.4786247,0.5290644,0.3207614,0.4586265,0.31522,0.5621818,0.489193,0.4227511,0.4811697,0.5536215,0.6890097,0.4397837,0.6804431,0.5720691,0.8881571,0.4779538,0.8767669,1,0,0
0.4934211,0.214381,0.5325838,0.1832959,0.457486,0.1796151,0.5750105,0.2097529,0.416472,0.2082131,0.5965389,0.417077,0.396613,0.4116353,0.6348006,0.613383,0.3676094,0.6095212,0.4878843,0.4776789,0.4915225,0.4525321,0.5538047,0.6124581,0.4476096,0.6050245,0.5706892,0.8117441,0.4644164,0.8043171,0.3708338,0.8041391,0.6633424,0.7836187,0,1,0
0.5126702,0.0829667,0.5501035,0.04981928,0.474381,0.05081188,0.5901155,0.07980327,0.4427077,0.08950045,0.617225,0.2863233,0.4173413,0.2795037,0.7013132,0.4677873,0.3515598,0.4683762,0.5532151,0.3333738,0.4621282,0.301719,0.5824547,0.4832777,0.438275,0.4784051,0.5784596,0.6832378,0.4500515,0.6780581,0.5686437,0.8829968,0.4602549,0.8777977,1,0,0
0.5241976,0.2193449,0.5577985,0.1823182,0.488827,0.1840049,0.6014115,0.2067704,0.449523,0.2149111,0.6328998,0.4204314,0.432916,0.417879,0.701884,0.6081577,0.396578,0.6145501,0.5303363,0.5053405,0.5315542,0.4669648,0.5931929,0.6164502,0.474888,0.6134253,0.577729,0.8158514,0.4483791,0.8116608,0.3781153,0.803428,0.6480948,0.8010001,0,1,0
0.4960091,0.08302168,0.5345619,0.05118328,0.4568393,0.05194555,0.5789586,0.07418184,0.4275873,0.09249578,0.6160644,0.2857946,0.416208,0.2782182,0.6504757,0.482812,0.3554981,0.4687813,0.5258982,0.3263497,0.4695618,0.3044966,0.57764,0.4820688,0.4437148,0.4763176,0.5702977,0.681934,0.4569504,0.6758792,0.5758175,0.8818578,0.4806696,0.8744677,1,0,0
0.4985021,0.223022,0.5401852,0.1954082,0.4623038,0.1885303,0.5813473,0.2237927,0.4245818,0.2213488,0.6006843,0.4262183,0.4007873,0.4198007,0.6606154,0.6170279,0.3603926,0.6156789,0.4821496,0.5267507,0.5059015,0.4784667,0.5676522,0.6234717,0.4473236,0.6143113,0.5691474,0.8234661,0.4738393,0.8125458,0.3705549,0.7997801,0.6721839,0.8382249,0,1,0
0.4993464,0.07767926,0.537464,0.0453211,0.4596203,0.04731753,0.5761983,0.07693845,0.4267301,0.08497699,0.602402,0.2815028,0.4025501,0.2738068,0.6478779,0.476264,0.3537524,0.4677624,0.5201138,0.3223929,0.4695619,0.3047036,0.5646671,0.4779107,0.4365107,0.4709024,0.562492,0.6778989,0.449757,0.6704633,0.5676653,0.8778319,0.4739867,0.8689901,1,0,0
0.5216794,0.2116944,0.5595347,0.1790298,0.4855878,0.177091,0.6007,0.2074096,0.4513619,0.2135408,0.6395606,0.4108775,0.4395606,0.4109094,0.6976208,0.6022646,0.4041996,0.6077586,0.5259969,0.4995746,0.5407917,0.4616676,0.5983151,0.6065783,0.4813524,0.6064943,0.5741442,0.8051124,0.4324622,0.8004267,0.3894509,0.7283766,0.6318954,0.7853793,0,1,0
0.4999719,0.08126332,0.5382307,0.04907217,0.4627865,0.04783814,0.5793775,0.07747875,0.4280894,0.0838397,0.6089024,0.2806674,0.408904,0.2814602,0.6593724,0.4741946,0.356079,0.4743579,0.5428891,0.3116165,0.4649692,0.3065994,0.5780709,0.4782767,0.4426207,0.4785976,0.5718844,0.678181,0.4526174,0.6783476,0.574347,0.8781658,0.4743271,0.8771659,1,0,0
0.4926739,0.2017775,0.5323601,0.1713635,0.4579898,0.1657634,0.5738546,0.1992598,0.4192869,0.1974191,0.6009328,0.4025398,0.4009415,0.4006736,0.6456323,0.5974807,0.3692167,0.5981414,0.4848323,0.4785548,0.4960688,0.4435174,0.5633199,0.5989711,0.4530055,0.5937781,0.5895981,0.7972373,0.4614889,0.7935981,0.4011948,0.7301238,0.6579117,0.7559407,0,1,0
0.5053292,0.08038497,0.5414721,0.04583516,0.4643188,0.05178162,0.5834569,0.07298799,0.432055,0.08997908,0.6145085,0.2815679,0.4145279,0.2787797,0.6711121,0.4733908,0.3511878,0.4684848,0.5242665,0.3376101,0.4711556,0.3084607,0.5849616,0.4793733,0.4444022,0.4765359,0.5775421,0.6792357,0.4571061,0.676132,0.5798948,0.8792219,0.4757351,0.8752625,1,0,0
0.516496,0.2102552,0.5528045,0.1758795,0.4840899,0.1721784,0.5953109,0.2022084,0.4420148,0.1991912,0.6183882,0.4138617,0.418519,0.4066297,0.6766326,0.6051928,0.3838456,0.6036011,0.5107935,0.493401,0.4967597,0.4385242,0.5768248,0.6094952,0.4612472,0.6020121,0.5739644,0.8094748,0.4461841,0.8014441,0.3837557,0.7476633,0.6437573,0.7703822,0,1,0
0.4963544,0.08299074,0.5362325,0.05282884,0.45919,0.04954222,0.5757706,0.08343501,0.4230773,0.08412373,0.5893494,0.2879432,0.3896067,0.2778018,0.6367569,0.4822434,0.3320934,0.4693539,0.5205176,0.3194907,0.4482651,0.306553,0.5642853,0.4863665,0.4265512,0.4743599,0.5508713,0.6859162,0.4387533,0.6739873,0.5643086,0.8854643,0.4667944,0.8720118,1,0,0
0.4980407,0.2003181,0.5369497,0.168916,0.4605587,0.1672257,0.578051,0.1973885,0.4210834,0.1979128,0.5981598,0.4032572,0.3982462,0.3973789,0.6409053,0.5986359,0.3693745,0.595284,0.4885893,0.4690217,0.4767321,0.4265406,0.5538006,0.5982758,0.4435365,0.5921834,0.5693977,0.7976667,0.4531508,0.7919522,0.3707011,0.7748711,0.6531307,0.7891165,0,1,0
0.5050491,0.08155303,0.5425635,0.04849749,0.4678033,0.04819512,0.5835482,0.07713756,0.4350585,0.08598107,0.6213935,0.2853175,0.4215909,0.2764344,0.6866792,0.4743619,0.3571545,0.4657699,0.5646229,0.3159249,0.4620264,0.2954706,0.5926905,0.4832471,0.4484771,0.474619,0.5938352,0.6832439,0.45865,0.6743601,0.5843611,0.8830193,0.4680262,0.8741402,1,0,0
0.5117121,0.2009635,0.552599,0.1721839,0.4733918,0.1688457,0.592078,0.2028662,0.4355434,0.2015183,0.6165206,0.4069646,0.4168886,0.3948377,0.688335,0.5936266,0.3732614,0.5900214,0.5160098,0.4921178,0.4847175,0.4239565,0.5734971,0.6022822,0.4496528,0.5921357,0.5650045,0.8021018,0.4300579,0.7911735,0.3663854,0.7786398,0.6076564,0.6992019,0,1,0
0.505465,0.07626442,0.5421839,0.04232737,0.4669109,0.04442763,0.5805316,0.07441255,0.4316406,0.07986781,0.6147996,0.2772568,0.4148142,0.2748354,0.6796085,0.4664652,0.3537873,0.4652973,0.5575818,0.3080054,0.4644971,0.2987339,0.5865507,0.4752517,0.4431251,0.4728215,0.5777491,0.675058,0.4479208,0.6727641,0.5685682,0.8748472,0.4565879,0.8725762,1,0,0
0.5039312,0.1856743,0.5393156,0.1503481,0.4646444,0.1547461,0.5792941,0.1803768,0.4267671,0.1873851,0.6002165,0.3885743,0.4003026,0.3827068,0.6693385,0.57625,0.3600403,0.5786123,0.498742,0.4718621,0.4731174,0.4136469,0.5647409,0.5854029,0.4447186,0.5777125,0.5742626,0.7851762,0.449258,0.777661,0.3747094,0.7985377,0.6492131,0.7734219,0,1,0
0.4944035,0.07847892,0.5300857,0.0434535,0.4554132,0.04717791,0.5716025,0.07131679,0.420797,0.08325731,0.6018668,0.2824081,0.4020326,0.2742649,0.6547248,0.4752967,0.347194,0.4665998,0.5518479,0.3037848,0.4511211,0.2957222,0.5777276,0.480946,0.4387406,0.4708673,0.5712812,0.6808421,0.4528333,0.6703702,0.5682482,0.8808191,0.4574574,0.8703167,1,0,0
0.5169729,0.2053287,0.5565171,0.1747303,0.4805355,0.1710896,0.5983382,0.2021346,0.4438115,0.2050211,0.6334518,0.4083187,0.433587,0.4009674,0.7163961,0.5903084,0.3805589,0.5938094,0.5515085,0.477118,0.5066615,0.4385736,0.598636,0.605265,0.4722926,0.5971863,0.585684,0.8048452,0.4478223,0.7956837,0.386754,0.7841844,0.6477778,0.7999032,0,1,0
0.4994854,0.07915843,0.5381773,0.0474892,0.4648396,0.04310745,0.5778426,0.07793029,0.4262244,0.07487001,0.6018031,0.2830737,0.4019575,0.2752145,0.649034,0.4774168,0.3399009,0.4653433,0.538189,0.3109434,0.4323063,0.2879702,0.5741766,0.4811565,0.4314084,0.4730342,0.5682313,0.6810681,0.444127,0.6726294,0.563472,0.8810114,0.4539336,0.8723888,1,0,0
0.4877419,0.1890182,0.5268594,0.1578763,0.4475794,0.1592362,0.5674635,0.1870535,0.4155266,0.1976109,0.6025285,0.3917206,0.4026344,0.3852133,0.6459679,0.5869462,0.356099,0.5797241,0.5034912,0.4465881,0.4580671,0.4076703,0.5665863,0.5884645,0.4431905,0.5810581,0.5808464,0.7879555,0.4495854,0.7809559,0.3808825,0.7841547,0.6483841,0.7590683,0,1,0
0.4987546,0.07693814,0.5375418,0.04538575,0.4624581,0.04254974,0.5771572,0.07589182,0.4275331,0.07833023,0.5987416,0.2777757,0.3987486,0.2761005,0.6590215,0.4684753,0.3570418,0.4717036,0.5864,0.2821259,0.4619849,0.3014481,0.5767437,0.4765623,0.4367358,0.4724599,0.5789576,0.67655,0.4481748,0.6721325,0.5620817,0.8758368,0.4632093,0.8715666,1,0,0
0.522607,0.1892623,0.5614269,0.1577502,0.4830289,0.1587078,0.5980526,0.1917879,0.4467292,0.1930928,0.6188921,0.3937539,0.4190969,0.3847054,0.7039406,0.5747697,0.3738735,0.5795254,0.5362221,0.4658179,0.4883388,0.4155202,0.5922061,0.5919655,0.4589612,0.5806922,0.5795241,0.791563,0.4289774,0.7784319,0.415369,0.6773128,0.6163334,0.7084481,0,1,0
0.4973058,0.08330521,0.5352334,0.0507246,0.4592209,0.05090849,0.5777682,0.07700741,0.423001,0.0853775,0.6007253,0.2877917,0.4009295,0.2787567,0.6495159,0.4817491,0.3440567,0.4705,0.5300395,0.3213578,0.4342895,0.2920118,0.5683779,0.4851585,0.429947,0.4766405,0.559767,0.6849731,0.447569,0.6758626,0.5623907,0.8849559,0.4702185,0.874576,1,0,0
0.4848774,0.1894729,0.5244224,0.1588757,0.4452403,0.1589951,0.5647798,0.1883932,0.4109284,0.1953639,0.5927359,0.3923286,0.3928266,0.3863048,0.6435767,0.5857587,0.3320466,0.5768455,0.5089337,0.4378694,0.4406149,0.4088784,0.5503049,0.5877758,0.4352148,0.5817612,0.5734851,0.786428,0.4317857,0.7817318,0.373631,0.7787889,0.6315469,0.7719604,0,1,0
0.5037609,0.08281094,0.540879,0.04931093,0.4652688,0.05089924,0.5831321,0.07604428,0.4259792,0.08182375,0.6053606,0.2869816,0.4055352,0.2786261,0.6558549,0.4805025,0.339823,0.4675226,0.542826,0.3155041,0.4361745,0.2922617,0.5698072,0.4837961,0.4309895,0.4769996,0.5609139,0.6835983,0.4335494,0.6769832,0.5534549,0.8834592,0.4220089,0.87665,1,0,0
0.5157463,0.2037126,0.5556689,0.1736097,0.4777148,0.1712533,0.5932763,0.2065594,0.4373722,0.200791,0.607222,0.4077964,0.4074037,0.399273,0.6776698,0.5949785,0.3535359,0.5918821,0.5379108,0.451914,0.4548054,0.4194162,0.576027,0.6053486,0.4360055,0.5972173,0.5834737,0.80521,0.4006266,0.7940632,0.3840582,0.7899306,0.5982384,0.7632483,0,1,0
0.4831402,0.08235811,0.5212408,0.04997999,0.4424412,0.05331358,0.5605254,0.08091099,0.4120773,0.09303811,0.5982812,0.2867006,0.3985239,0.2768492,0.6602712,0.4768512,0.3201867,0.460869,0.5289121,0.3260375,0.4268931,0.2917131,0.5744523,0.485276,0.4242656,0.4751858,0.5674974,0.685155,0.4387065,0.6746637,0.5700973,0.8851381,0.4524449,0.8741913,1,0,0
0.4888297,0.19167,0.5288841,0.1617426,0.4478203,0.1630652,0.5702053,0.189895,0.4111434,0.1970477,0.5869777,0.3956392,0.3871359,0.387685,0.6357939,0.5895902,0.3428506,0.5827205,0.5024269,0.4405492,0.4500646,0.4138857,0.5506393,0.5923103,0.4311977,0.5827711,0.583988,0.7895104,0.4541177,0.7814534,0.4112876,0.6886412,0.6533111,0.7993969,0,1,0
0.493553,0.0816502,0.5310086,0.04852805,0.4523648,0.05330357,0.5678211,0.08236352,0.4169696,0.08861904,0.5893663,0.2862935,0.3895859,0.2769237,0.6538018,0.4756294,0.3466334,0.472257,0.5447605,0.3079691,0.4456622,0.2984948,0.5641243,0.4846942,0.4248719,0.4737864,0.5574452,0.6845827,0.4355372,0.6735018,0.5315686,0.8829017,0.4286637,0.8733836,1,0,0
0.5148988,0.1971548,0.5554916,0.167962,0.477941,0.1634781,0.5885856,0.2054424,0.4426648,0.1989124,0.597284,0.4036471,0.3978098,0.3891543,0.677463,0.5868719,0.3552264,0.5845684,0.5383987,0.443132,0.4790822,0.4275342,0.5744159,0.6023354,0.4288655,0.5867285,0.6025882,0.8003412,0.4001038,0.7846496,0.4435371,0.6790863,0.5597726,0.6642092,0,1,0
0.4976458,0.08835714,0.5335222,0.05353071,0.4594812,0.05605439,0.5738032,0.08315244,0.4210488,0.088038,0.5967656,0.2842962,0.3969305,0.292415,0.7361618,0.1408782,0.2495885,0.1571732,0.5833806,0.01181278,0.4425448,0.1045625,0.5840362,0.4838907,0.4244073,0.4905185,0.5690656,0.6833296,0.4261093,0.6905113,0.5589607,0.8830742,0.4166972,0.8902897,1,0,0
0.4904505,0.21172,0.5310677,0.1825611,0.4525481,0.17911,0.569854,0.2141146,0.4138623,0.2107866,0.5976426,0.4126806,0.3976545,0.4105002,0.7550634,0.2893165,0.2348706,0.2943048,0.6126109,0.1489339,0.4216692,0.2228466,0.5832101,0.6121591,0.4345192,0.6070734,0.6078494,0.8106356,0.4650537,0.8047287,0.4084108,0.8256116,0.6610094,0.8447456,0,1,0
0.4996142,0.07704104,0.5393759,0.04672594,0.4623997,0.04364819,0.5768149,0.07986687,0.4277942,0.07973781,0.5938776,0.2825067,0.3941851,0.2714195,0.7418416,0.1479458,0.2445559,0.1387126,0.5514026,0.08684744,0.4233033,0.04899421,0.5735361,0.4814696,0.4203975,0.4696943,0.5568789,0.6807747,0.4279597,0.6695513,0.5462841,0.8804939,0.4267958,0.869548,1,0,0
0.5149574,0.1918004,0.5536104,0.1600837,0.4815869,0.1545659,0.5933815,0.1903865,0.4392225,0.1811226,0.6048683,0.3971933,0.4051866,0.3859142,0.7604884,0.2715653,0.2376684,0.2766547,0.5644231,0.2320888,0.4292544,0.2192545,0.6016887,0.597168,0.4388168,0.5830665,0.5920956,0.7969378,0.4130216,0.781396,0.4400393,0.6670191,0.6130061,0.7789059,0,1,0
0.4982727,0.07661126,0.5375447,0.0456644,0.4636479,0.04054015,0.5756897,0.07799024,0.4258713,0.07329576,0.598536,0.2767701,0.3985363,0.2764521,0.7397659,0.1351576,0.2533328,0.1389168,0.5438814,0.09479374,0.4504442,0.1050478,0.5854224,0.4763397,0.4279393,0.4742789,0.5707518,0.6758009,0.428585,0.6742779,0.5731003,0.8757871,0.4512631,0.872988,1,0,0
0.5056287,0.2107278,0.5462558,0.1815826,0.4721572,0.1735841,0.585756,0.2122377,0.4301223,0.2006593,0.6090444,0.4155349,0.4092786,0.4058584,0.7641875,0.2893183,0.240982,0.2978017,0.5762426,0.2209319,0.4349329,0.2489853,0.5952607,0.6150593,0.4412723,0.6032828,0.6053828,0.814803,0.4607006,0.8023369,0.4056672,0.80414,0.6606787,0.8053005,0,1,0
0.5142512,0.07673699,0.5519305,0.04386947,0.4799758,0.04033374,0.5898212,0.07649297,0.4378744,0.06730547,0.6010868,0.2789288,0.4011557,0.2736823,0.7501988,0.1456411,0.2462725,0.1471469,0.5543228,0.1052361,0.4442931,0.1190782,0.5841662,0.4782117,0.4269073,0.4720175,0.5690799,0.6776419,0.4396541,0.6716108,0.571612,0.8776259,0.4512749,0.8712729,1,0,0
0.5219616,0.2216123,0.5592724,0.188327,0.4864435,0.1864205,0.5996912,0.2177604,0.4458734,0.215645,0.6187842,0.4244156,0.4188642,0.4187596,0.8086758,0.3616369,0.2523039,0.3080453,0.6674871,0.2199832,0.4441146,0.2514004,0.6121793,0.6243066,0.4535848,0.6157228,0.6110858,0.8243036,0.4291536,0.814225,0.4127187,0.7987989,0.354756,0.6285775,0,1,0
0.4991807,0.07862961,0.5372099,0.04616756,0.4631023,0.04401252,0.5795137,0.07282062,0.4281669,0.07978293,0.5996415,0.2787184,0.3996416,0.2785398,0.753901,0.1514233,0.2510628,0.1446579,0.5580741,0.1107809,0.4475839,0.1075164,0.5859963,0.4782524,0.4266714,0.4767048,0.5731353,0.6778384,0.4388474,0.6763339,0.5822939,0.8776286,0.467186,0.874316,1,0,0
0.5071025,0.2034878,0.5463169,0.1724678,0.4718366,0.1680433,0.5883418,0.1995584,0.4298519,0.1951963,0.6107198,0.4082715,0.4109521,0.3986345,0.772683,0.2909347,0.2366324,0.3005903,0.5854286,0.2206796,0.424007,0.2306563,0.5935583,0.6075339,0.4410053,0.5963635,0.606037,0.8071442,0.4596619,0.7954915,0.4061531,0.8003312,0.6585004,0.7739688,0,1,0
0.5127336,0.07952949,0.5485644,0.04465616,0.478585,0.04300726,0.5891154,0.07390705,0.4369006,0.07061906,0.6002607,0.2845482,0.4005524,0.2737503,0.7502078,0.1522007,0.2570686,0.1344219,0.5535836,0.1156098,0.4570685,0.1342582,0.581982,0.4837112,0.423451,0.4724351,0.5611554,0.6826239,0.4241712,0.6724337,0.5532702,0.8824683,0.435982,0.8720847,1,0,0
0.5195588,0.217394,0.5539592,0.1811088,0.4841616,0.1820805,0.5985242,0.2037796,0.4409551,0.207244,0.614504,0.4163015,0.4145146,0.418359,0.8111138,0.3796325,0.2380459,0.3242379,0.6664268,0.2415539,0.4320333,0.2755668,0.606188,0.6161285,0.4515005,0.6149094,0.5921084,0.8156323,0.4194117,0.8123184,0.3953718,0.7796502,0.6179648,0.7883045,0,1,0
0.505482,0.08044205,0.5428328,0.0472018,0.4687023,0.04657086,0.5849218,0.07419282,0.429745,0.07791298,0.6125261,0.2822246,0.4125625,0.27841,0.7652649,0.1531089,0.2571312,0.1525484,0.5691851,0.1137041,0.4506342,0.1019857,0.5930243,0.4812716,0.439905,0.4765322,0.5801266,0.6808553,0.4404545,0.6765314,0.578018,0.8808442,0.4564308,0.8758923,1,0,0
0.5020266,0.22042,0.5415223,0.1897591,0.4706691,0.1814751,0.5835065,0.2169128,0.424064,0.1995849,0.5991461,0.4221714,0.3991775,0.4186276,0.7562816,0.298444,0.2280268,0.3151509,0.5705416,0.2242776,0.4225543,0.268685,0.5880818,0.6218651,0.4324746,0.6158364,0.5977836,0.8216296,0.4519166,0.8148892,0.3994235,0.7960704,0.27428,0.9067872,0,1,0
0.5085287,0.08005241,0.5461212,0.04708571,0.4736012,0.04427434,0.5850285,0.07848996,0.4328442,0.07323755,0.5997845,0.2853062,0.4000805,0.274429,0.750641,0.1539961,0.2470138,0.1457023,0.5543486,0.1156646,0.4446449,0.1150112,0.5826835,0.4845737,0.4304065,0.4721165,0.5596113,0.6832384,0.4378817,0.6719767,0.5657894,0.883143,0.4558417,0.8711687,1,0,0
0.5077783,0.210798,0.5445269,0.1768931,0.476932,0.1714469,0.5912784,0.1946215,0.4325385,0.1944518,0.6207298,0.414278,0.4208823,0.4064685,0.8200955,0.4301942,0.2397245,0.3217227,0.6904744,0.2778841,0.4335942,0.2725847,0.6052717,0.6136798,0.4536719,0.6037623,0.5912316,0.8131863,0.4391738,0.8032361,0.3913947,0.8212613,0.4518967,1.002831,0,1,0
0.4997131,0.08799174,0.5358533,0.05343913,0.4639861,0.05301199,0.5783231,0.07982696,0.4264036,0.08599015,0.6029787,0.2898256,0.4030133,0.2861041,0.7569439,0.1621748,0.2374685,0.173877,0.5678892,0.09691899,0.4224638,0.09787222,0.5886707,0.4893131,0.4282634,0.4845037,0.5746307,0.6888197,0.4357497,0.6843636,0.5792435,0.8887665,0.4570759,0.8832234,1,0,0
0.5018454,0.2236754,0.5412613,0.1929121,0.4688452,0.1861123,0.5847831,0.2175262,0.4226549,0.2052555,0.5962006,0.4226657,0.3962092,0.4245261,0.755161,0.3012921,0.2200362,0.3298527,0.5684627,0.2295721,0.4136361,0.2796626,0.5858297,0.6223966,0.4354454,0.6206396,0.5998867,0.821902,0.4652419,0.8184076,0.4236439,0.7273584,0.6649852,0.8285361,0,1,0
0.5147528,0.08716574,0.5554596,0.05813201,0.4790328,0.05217887,0.591446,0.09284487,0.4413602,0.08505395,0.6083502,0.2909652,0.4085023,0.2831661,0.7695785,0.1726206,0.2463405,0.1661039,0.5871841,0.09057014,0.4378211,0.108353,0.5851314,0.4896129,0.4291934,0.4820929,0.5703134,0.6890632,0.4331862,0.6820531,0.5623278,0.8889037,0.4488341,0.88144,1,0,0
0.5256236,0.2227661,0.5634696,0.1900908,0.4913816,0.1863314,0.6047386,0.2183198,0.4479309,0.211071,0.6175784,0.425904,0.4176872,0.4193088,0.814104,0.3887865,0.2336852,0.3409298,0.70402,0.2218089,0.4236991,0.2785221,0.6022744,0.6253176,0.4510868,0.6165003,0.5974739,0.82526,0.4156109,0.8133287,0.4014213,0.7857205,0.6154908,0.8202602,0,1,0
0.5030977,0.08343725,0.5419545,0.05197059,0.4676175,0.04820721,0.5789921,0.08555945,0.4321845,0.08348478,0.6000655,0.2841153,0.4000704,0.2827133,0.7639272,0.1694448,0.2426065,0.1594043,0.5719577,0.1133405,0.4384736,0.1189562,0.5844226,0.4835026,0.4265927,0.480947,0.5738955,0.6832254,0.4358798,0.6807312,0.5743796,0.8832248,0.4585278,0.8794448,1,0,0
0.5100174,0.2128662,0.5488614,0.1813838,0.4768558,0.1754455,0.5892621,0.2108419,0.4350581,0.2028855,0.6007518,0.4205939,0.4013813,0.4047376,0.7909018,0.3586023,0.2211154,0.3181108,0.6389962,0.2285073,0.4138184,0.2645798,0.5877502,0.6201709,0.43559,0.6017903,0.59172,0.8201315,0.4573357,0.8006046,0.4394364,0.6904792,0.6556088,0.8268308,0,1,0
0.5231279,0.08448616,0.5627269,0.05395874,0.4875639,0.04934076,0.6010615,0.08605942,0.4457052,0.07668763,0.6065348,0.2860214,0.4065843,0.2815761,0.7686057,0.1688333,0.2439703,0.1651428,0.5767257,0.1124234,0.4365819,0.111284,0.5885385,0.4852101,0.432474,0.4798933,0.5843444,0.6851661,0.4456879,0.6794563,0.5503016,0.8822476,0.4408181,0.879397,1,0,0
0.5270647,0.2011889,0.5639638,0.1674479,0.493715,0.1639358,0.6049424,0.1960968,0.4495868,0.1874454,0.5993832,0.4063534,0.3998815,0.392244,0.7989897,0.4188941,0.2176882,0.3097479,0.7299785,0.2311777,0.4068926,0.2449272,0.5738481,0.6047166,0.4336529,0.589372,0.5679164,0.8046286,0.4058029,0.7874235,0.4758464,0.6270811,0.5993525,0.7370393,0,1,0
0.5056657,0.08471242,0.544796,0.05358655,0.470634,0.04903633,0.5812271,0.0878324,0.4324447,0.0813098,0.5960276,0.2839109,0.3960308,0.2850493,0.760416,0.1699967,0.2423232,0.1570884,0.5692624,0.1111723,0.4360753,0.1074885,0.5818174,0.4834055,0.4235356,0.483149,0.5730956,0.6832152,0.4357071,0.6827783,0.5790614,0.8831262,0.46656,0.8803842,1,0,0
0.5111507,0.2119854,0.5479226,0.1781057,0.4770615,0.1754078,0.5911996,0.2031475,0.4364589,0.2045871,0.607061,0.4166597,0.4072833,0.4072319,0.7793949,0.3151657,0.2281521,0.3182825,0.6062961,0.2149818,0.420799,0.2645503,0.5863165,0.6155809,0.4403523,0.6044791,0.6025844,0.8149182,0.4695931,0.80233,0.4471366,0.6890771,0.6695782,0.8047745,0,1,0
0.5159824,0.0858968,0.5535246,0.05287281,0.4810724,0.0501017,0.5934341,0.08299303,0.4419471,0.0812339,0.6123279,0.2869421,0.4123396,0.2847849,0.7678158,0.1611505,0.2461149,0.1735673,0.5839066,0.08255395,0.4388568,0.1201766,0.5935371,0.4860574,0.4390978,0.4829869,0.5812851,0.6856818,0.4505803,0.682657,0.5734527,0.8855283,0.4633335,0.88225,1,0,0
0.5275726,0.2151583,0.5657467,0.1828668,0.4938751,0.1782193,0.6067737,0.2114462,0.449227,0.2007259,0.6135243,0.4200771,0.4138164,0.4092718,0.7492512,0.273182,0.231808,0.3263685,0.5600051,0.2084834,0.4112934,0.2381358,0.5967388,0.6193715,0.4496427,0.6060369,0.5887812,0.8192132,0.4233654,0.8043032,0.4633768,0.6634128,0.57287,0.9371504,0,1,0
0.5122277,0.0841374,0.5486779,0.04991202,0.4779065,0.0477773,0.5905977,0.07716501,0.4390919,0.07929599,0.6079062,0.2836606,0.407908,0.2845208,0.7796023,0.1810913,0.2418451,0.1730618,0.5999061,0.09328893,0.434292,0.1186174,0.5893638,0.4827992,0.4331775,0.482918,0.5768943,0.6824101,0.4481373,0.6823577,0.589151,0.8820341,0.47339,0.8807571,1,0,0
0.5162032,0.1929277,0.552672,0.158722,0.4835468,0.1550654,0.5926751,0.1887178,0.4399722,0.1795858,0.6037849,0.3949079,0.4038407,0.3901792,0.7995542,0.3539891,0.2141917,0.3266714,0.6570785,0.2136301,0.3979241,0.2476626,0.5903449,0.5944558,0.4362128,0.5875419,0.5982799,0.7942984,0.4509831,0.7869958,0.4322475,0.6827939,0.5153875,0.5976493,0,1,0
0.5257064,0.08388387,0.5647397,0.05263646,0.4894952,0.0494057,0.602372,0.08555773,0.4489129,0.07861325,0.6115342,0.2829798,0.4115359,0.2837825,0.7624794,0.1517716,0.2428818,0.1762847,0.5697867,0.09820358,0.4339926,0.1173214,0.5960026,0.4823758,0.4374544,0.482096,0.5860273,0.6821269,0.4440808,0.6819862,0.5756411,0.881857,0.4503786,0.8818871,1,0,0
0.535632,0.2114196,0.5734465,0.1787077,0.5005865,0.1757571,0.6155235,0.2057174,0.4607831,0.2060174,0.6247626,0.4180849,0.4252459,0.4041892,0.7301869,0.2481269,0.2577733,0.2948598,0.5367742,0.1972201,0.4499566,0.2394921,0.6019542,0.61678,0.4527172,0.6022936,0.5932693,0.8165914,0.4203262,0.7996532,0.42294,0.7117681,0.5970984,0.8932031,0,1,0
0.5125136,0.08132075,0.5510657,0.04948144,0.47676,0.04636826,0.5947903,0.07373346,0.4377567,0.07765314,0.6176041,0.2801121,0.4176172,0.2823994,0.7759308,0.1579128,0.2585282,0.1611943,0.5859416,0.09543026,0.4516959,0.1093656,0.5947936,0.478807,0.4399301,0.4811509,0.5829337,0.6784551,0.4552664,0.680562,0.5933619,0.8781831,0.4836038,0.8785443,1,0,0
0.5061605,0.209324,0.545599,0.1785896,0.4783951,0.1677418,0.5877927,0.2054167,0.4320615,0.1865352,0.5928839,0.412393,0.3930069,0.4053809,0.7833097,0.3512535,0.2117779,0.3207876,0.6190405,0.2371674,0.4060427,0.2732358,0.5792001,0.6119244,0.4243823,0.6029046,0.5903519,0.8116132,0.4418469,0.8021406,0.3903582,0.8100287,0.6378102,0.8421202,0,1,0
0.5158983,0.08224787,0.5540904,0.04997764,0.4802024,0.04723646,0.5933512,0.08093866,0.4376828,0.073544,0.6005937,0.282772,0.4006061,0.2805518,0.7639765,0.1674201,0.2339242,0.1700207,0.5738217,0.1054429,0.4270412,0.1180031,0.5879611,0.4823727,0.4317351,0.4781144,0.583266,0.6823176,0.4405622,0.6779196,0.5756817,0.8821737,0.4561684,0.8773097,1,0,0
0.532304,0.2022002,0.5701784,0.1695578,0.4962733,0.1675335,0.6110496,0.1983597,0.4527577,0.1921587,0.6104233,0.412418,0.4117153,0.3897215,0.6701026,0.6033064,0.2241814,0.3202158,0.7074161,0.406818,0.4028856,0.2304114,0.5923083,0.6115959,0.4464696,0.5866787,0.5943604,0.8115854,0.4116949,0.7836323,0.5617489,0.6142621,0.6116925,0.7846038,0,1,0
0.5091395,0.08123651,0.5488996,0.0509192,0.4757982,0.04397582,0.5914605,0.0771599,0.4355786,0.07368076,0.6108224,0.2788647,0.4108783,0.2835937,0.767373,0.1543982,0.2487898,0.16643,0.5736127,0.1048303,0.4412736,0.1121162,0.5914831,0.4779275,0.436076,0.482,0.5837664,0.6777786,0.4492054,0.6815686,0.5907562,0.8776564,0.4707705,0.8804026,1,0,0
0.5170287,0.2093807,0.5533189,0.1749856,0.4863577,0.1698928,0.5962059,0.2006897,0.4408609,0.1906302,0.6009986,0.4133014,0.4012062,0.4041897,0.8009351,0.4183393,0.2160165,0.3286598,0.6696413,0.2674688,0.4035621,0.2591857,0.585367,0.6126896,0.4359848,0.6011426,0.5822007,0.8126646,0.4665852,0.7987878,0.4509354,0.6617692,0.2817779,0.7223271,0,1,0
0.5200318,0.08783787,0.5583522,0.05572025,0.48645,0.05079381,0.5962667,0.08831617,0.4459776,0.08015343,0.6167137,0.2881521,0.4167148,0.2874687,0.7742404,0.1649233,0.2443605,0.1860093,0.5841873,0.1026352,0.4300154,0.1116303,0.6075671,0.4879428,0.4485019,0.4849265,0.5927765,0.6873952,0.456132,0.6847809,0.5658828,0.8855788,0.4541838,0.8847714,1,0,0
0.5167979,0.1977696,0.5541319,0.1645104,0.4851479,0.159062,0.5958438,0.1920807,0.4415197,0.183487,0.6113788,0.4012332,0.4115039,0.3941625,0.8093445,0.3727798,0.2212482,0.3324957,0.6607845,0.238877,0.4107102,0.268432,0.5936854,0.600449,0.4435257,0.5915824,0.5757757,0.7996455,0.4156032,0.7896236,0.5000702,0.6145276,0.6143978,0.8115488,0,1,0
0.5083327,0.08409771,0.5463436,0.05161426,0.4746413,0.04715334,0.5887639,0.07808156,0.4356221,0.0784184,0.609319,0.285292,0.4093334,0.2828985,0.7703241,0.1666438,0.2474416,0.1654632,0.5863254,0.08825699,0.4368618,0.101276,0.5916396,0.4845091,0.4367038,0.4810168,0.5813415,0.6842437,0.4579429,0.6798858,0.5947134,0.8837962,0.4914911,0.877052,1,0,0
0.5131016,0.2049333,0.5513317,0.1727082,0.4838093,0.1644122,0.5939435,0.198866,0.4370706,0.1821744,0.5957869,0.4103612,0.396167,0.3980365,0.7876358,0.3538455,0.2083472,0.3293073,0.6330761,0.2269153,0.3951074,0.2577488,0.584951,0.6100675,0.4340473,0.5944165,0.5907668,0.8099829,0.4552494,0.7932895,0.420572,0.7049414,0.6261394,0.6893828,0,1,0
0.5216841,0.07922149,0.5638585,0.05236404,0.4847704,0.04549648,0.6009129,0.08593446,0.4450726,0.07589524,0.6078396,0.2779794,0.4078454,0.2795045,0.7727176,0.164775,0.244878,0.1635664,0.5814857,0.1062056,0.437414,0.1094378,0.5952691,0.477584,0.4372507,0.477331,0.5961103,0.6775823,0.4458663,0.6771453,0.566076,0.8753143,0.4679778,0.8759193,1,0,0
0.5107151,0.2423333,0.5483343,0.209397,0.4814443,0.2017966,0.5929985,0.2318717,0.4364896,0.2236845,0.6113466,0.4414046,0.4113552,0.4432599,0.8084152,0.4072877,0.2200474,0.3849391,0.6923238,0.2444296,0.4052821,0.3095195,0.5981783,0.6409707,0.4441235,0.6405572,0.5749574,0.8396181,0.4174226,0.8387669,0.4023989,0.7385064,0.6164882,0.8580773,0,1,0
0.5082155,0.0827584,0.5486316,0.05332132,0.4754844,0.04496058,0.5877481,0.08446452,0.4372011,0.07712252,0.6029006,0.27938,0.4030101,0.2859985,0.7726001,0.17354,0.244717,0.1637557,0.5852748,0.1034739,0.4385217,0.1143621,0.5777686,0.4777946,0.4286529,0.4843478,0.5624642,0.6772082,0.4405872,0.6839914,0.5708061,0.8770342,0.4838613,0.8792536,1,0,0
0.5086982,0.2027712,0.5445345,0.1679034,0.4741172,0.1666581,0.5872801,0.1938421,0.4298604,0.1899247,0.5866026,0.3989954,0.3866679,0.4041057,0.7820032,0.3563501,0.2043155,0.3219618,0.6156011,0.2453981,0.3965561,0.2667934,0.5709381,0.598381,0.4215195,0.6010457,0.5860776,0.7978072,0.4598417,0.7973399,0.4001224,0.724182,0.4840802,0.5988141,0,1,0
0.5146525,0.08138854,0.5533458,0.0497211,0.4790753,0.0462565,0.5959889,0.07582793,0.4424808,0.08032766,0.6184033,0.2787175,0.4184728,0.2839879,0.7648346,0.1424902,0.2442187,0.1858273,0.5716666,0.0906624,0.4349944,0.1257887,0.6021624,0.478057,0.4491892,0.4816151,0.6030172,0.6780552,0.457825,0.6814286,0.5658713,0.8745754,0.4698964,0.8810639,1,0,0
0.5075808,0.2152251,0.5469005,0.1843388,0.4758953,0.1765466,0.5904103,0.208974,0.4340875,0.2039712,0.6259173,0.4116028,0.4259943,0.4171557,0.8248304,0.3907808,0.2476888,0.3265624,0.6866721,0.24617,0.43937,0.2694809,0.6147835,0.6112926,0.4590974,0.6143971,0.5756872,0.8074341,0.408501,0.8078914,0.4527737,0.6496613,0.4000741,1.007714,0,1,0
0.4936107,0.07654102,0.5305496,0.04284361,0.4590656,0.04039354,0.5681942,0.07575086,0.4226946,0.07470313,0.5875584,0.2776087,0.3875718,0.2752905,0.7554588,0.1689374,0.2158483,0.1727671,0.5651627,0.1073957,0.4035226,0.1036413,0.5722728,0.4770237,0.4220122,0.4723029,0.5690755,0.6769981,0.4373138,0.6717166,0.57385,0.8769411,0.4785386,0.8674218,1,0,0
0.4992089,0.2129072,0.5353326,0.1783373,0.4653611,0.176106,0.5760922,0.2072969,0.4205846,0.198356,0.5868945,0.4145237,0.3869343,0.4105342,0.7725101,0.3400465,0.2093192,0.3185948,0.6011294,0.2369512,0.4015276,0.2633143,0.5774432,0.6143003,0.426248,0.6066322,0.5919266,0.8137751,0.4461061,0.8056439,0.3951622,0.8496049,0.6380184,0.7493441,0,1,0
0.5196171,0.07684093,0.5581036,0.04492241,0.4857864,0.04002404,0.5930613,0.0806709,0.4464113,0.07083959,0.6001245,0.2768877,0.4001344,0.2748908,0.7832474,0.1964763,0.2333127,0.1645707,0.6193911,0.08179794,0.422742,0.1004103,0.5844382,0.4762716,0.4319405,0.4723456,0.588384,0.6762326,0.4412067,0.6721308,0.5471709,0.8719403,0.4492361,0.8719696,1,0,0
0.5170431,0.1684273,0.556773,0.1380705,0.4824877,0.1322898,0.5976014,0.1669329,0.4401495,0.1588883,0.6111525,0.3710607,0.4112264,0.3656226,0.810803,0.3828793,0.2328767,0.2751163,0.7820981,0.1849499,0.4313926,0.2507967,0.5973683,0.5705851,0.4436598,0.5629753,0.5879321,0.7703624,0.4118123,0.7604234,0.4952393,0.5931392,0.5971882,0.6853516,0,1,0
0.5086051,0.07818563,0.5486879,0.04829632,0.4752849,0.04090609,0.5874944,0.07982494,0.4370108,0.07307899,0.5989749,0.2805905,0.3990443,0.2753201,0.7649124,0.1689449,0.2412151,0.1524791,0.5722336,0.115327,0.4314303,0.0906878,0.5737324,0.4789912,0.428083,0.4732008,0.5740815,0.6789908,0.4328335,0.6731444,0.5832158,0.8787822,0.4787887,0.8677931,1,0,0
0.5056747,0.196709,0.5441572,0.1647858,0.4751801,0.1570847,0.5882288,0.1884013,0.4297812,0.1780355,0.5871165,0.3940882,0.3871475,0.397607,0.7815021,0.3470324,0.1996836,0.3279127,0.6168112,0.2335559,0.379779,0.240932,0.5761026,0.5937847,0.4263181,0.5937336,0.587481,0.7934608,0.4314899,0.7936667,0.457936,0.641086,0.630024,0.7694955,0,1,0
0.5219121,0.07552055,0.5626035,0.04646523,0.4891385,0.03775952,0.5953129,0.0842818,0.4492725,0.06793737,0.5956524,0.2758988,0.3956968,0.2716853,0.7653039,0.1699818,0.23519,0.1523639,0.5761673,0.1049637,0.4290549,0.1032067,0.5777621,0.475097,0.4261975,0.4693459,0.5755647,0.6750849,0.4328581,0.669235,0.5541469,0.8739349,0.4412101,0.8690605,1,0,0
0.5237066,0.2030579,0.5623389,0.1713161,0.4883448,0.1677089,0.6040734,0.1988522,0.4472516,0.196193,0.6205735,0.4031033,0.4205735,0.4029633,0.819306,0.3806226,0.2361611,0.3255548,0.6934854,0.2251582,0.425559,0.261302,0.6035866,0.6023806,0.4565039,0.5997094,0.6093975,0.8022962,0.4200202,0.7963536,0.4293439,0.7152289,0.2200493,0.799768,0,1,0
0.5126293,0.07586279,0.5491605,0.04172387,0.4790726,0.03879592,0.5890711,0.07184278,0.4399395,0.06991827,0.6076887,0.2740467,0.4077196,0.2775575,0.7738301,0.1627047,0.2462473,0.159546,0.5793781,0.1159241,0.441968,0.1183947,0.5927339,0.4734868,0.4362286,0.4755152,0.5882943,0.6734375,0.4409514,0.6754594,0.5820127,0.8733389,0.5018017,0.8659778,1,0,0
0.5046053,0.205122,0.5435631,0.1737805,0.4730972,0.1662989,0.5848724,0.2019505,0.429194,0.190226,0.5974193,0.4064254,0.3974398,0.403561,0.7887692,0.3482428,0.2178098,0.3156232,0.6248298,0.2336835,0.4091152,0.2572945,0.584102,0.6059816,0.4328903,0.6003941,0.5865909,0.8059661,0.4378313,0.8003331,0.4263397,0.6863019,0.304898,0.650905,0,1,0
0.5236778,0.07662137,0.5630773,0.04583707,0.4891881,0.04042107,0.6006836,0.07878815,0.4522241,0.07409097,0.6208493,0.2733254,0.4209567,0.2798788,0.7738473,0.144517,0.2592292,0.1622173,0.585386,0.0775667,0.4511732,0.1060254,0.5989178,0.4721193,0.4513341,0.4775584,0.6015925,0.6721014,0.4497698,0.6775523,0.5899764,0.8717638,0.4723161,0.8762774,1,0,0
0.5257272,0.2199084,0.5655189,0.1896327,0.4928567,0.1822317,0.6089475,0.2144107,0.4504536,0.2087266,0.6385117,0.4178337,0.4385394,0.4211632,0.8342898,0.3769568,0.2545934,0.3426531,0.7223297,0.2112313,0.4435716,0.2771761,0.618576,0.6168376,0.4770136,0.6174277,0.5974752,0.8157214,0.4004782,0.8022041,0.3974754,0.8154857,0.2020719,0.8274023,0,1,0
0.5117414,0.07873008,0.5503036,0.04690316,0.4776732,0.04213288,0.5902373,0.07699145,0.441018,0.07613872,0.6084981,0.2784493,0.4084988,0.2789584,0.7666587,0.1560351,0.2403251,0.1707103,0.5815877,0.08021472,0.4336304,0.1193969,0.5900072,0.4775926,0.4420041,0.4761319,0.5839671,0.6775014,0.4577527,0.6755109,0.5763232,0.8773553,0.4733986,0.874898,1,0,0
0.5140259,0.212727,0.5527647,0.1811152,0.4812769,0.1749447,0.5933261,0.2103518,0.437513,0.1991257,0.5986529,0.4127617,0.3986568,0.4115093,0.7938377,0.3691396,0.2156694,0.33079,0.649798,0.2303859,0.4091417,0.2801097,0.5853021,0.6123156,0.4363264,0.6079298,0.5912548,0.812227,0.4658904,0.8057326,0.4175599,0.7130802,0.533501,0.6175072,0,1,0
0.5229101,0.07877453,0.5623256,0.04801054,0.4884514,0.04254474,0.600623,0.08015575,0.4492431,0.07357225,0.6130792,0.2741994,0.4132675,0.2828754,0.781993,0.16711,0.2471212,0.1715407,0.6065134,0.07115741,0.4401332,0.119135,0.5976645,0.4736045,0.4464219,0.4801082,0.5971981,0.673604,0.4544736,0.6799461,0.5726438,0.8720909,0.4677206,0.8795069,1,0,0
0.516019,0.1972458,0.5544871,0.1653052,0.4832691,0.1594643,0.5976865,0.1904808,0.4411476,0.1864045,0.6192826,0.3963465,0.4192902,0.3980918,0.8131686,0.3472728,0.2312963,0.3298401,0.6450945,0.2388703,0.4179373,0.2579713,0.6030728,0.5956886,0.4596661,0.5939738,0.5888178,0.79518,0.4247918,0.7909098,0.4274285,0.6770549,0.5925058,0.6819509,0,1,0
0.5029385,0.0815299,0.5407368,0.04879935,0.4684911,0.04528936,0.5822883,0.07661074,0.4318917,0.07935527,0.6056719,0.2820939,0.4056753,0.2809286,0.7691264,0.1668437,0.2357481,0.1754545,0.5775998,0.1092454,0.4283984,0.1217341,0.593891,0.4817466,0.4401606,0.477933,0.5880149,0.6816603,0.4550004,0.6773818,0.5885007,0.8816597,0.4760419,0.8762718,1,0,0
0.5013821,0.2005469,0.5424839,0.1720751,0.467185,0.1640701,0.5827934,0.2016581,0.425277,0.1913414,0.5977032,0.4027832,0.3977547,0.3982439,0.775651,0.3114891,0.2086772,0.3330541,0.5864577,0.2466361,0.3952419,0.2609872,0.5820361,0.6021686,0.4300963,0.5956116,0.5946697,0.8017691,0.4492891,0.7946885,0.3978244,0.7663866,0.5598308,0.6280136,0,1,0
0.5044026,0.08282713,0.5413991,0.04919295,0.4671806,0.04944269,0.582022,0.07834403,0.4311622,0.08412229,0.6014031,0.2792452,0.4015298,0.286366,0.7642506,0.1631388,0.2331876,0.1783805,0.5776873,0.09106831,0.4249936,0.1217197,0.5924715,0.4790457,0.4371233,0.4831733,0.5807914,0.6787044,0.4478031,0.6828879,0.57989,0.8787023,0.4574421,0.8826555,1,0,0
0.5178334,0.2002221,0.5573412,0.169577,0.4828798,0.1644695,0.5982066,0.198387,0.4434987,0.1952775,0.6106569,0.4032627,0.4107572,0.3969276,0.8069537,0.3649538,0.2209682,0.3338393,0.6499307,0.2410839,0.4090338,0.2657854,0.5961943,0.6027391,0.4538088,0.5922391,0.5814759,0.8021968,0.4181078,0.7890269,0.475633,0.6324992,0.5664334,0.6548646,0,1,0
0.4929263,0.0829781,0.5289547,0.04830884,0.4557245,0.0495711,0.572014,0.0737234,0.4243451,0.08849838,0.5980473,0.280561,0.3981026,0.2852626,0.7596233,0.1626917,0.2211312,0.19209,0.5630375,0.1258951,0.406262,0.1164156,0.5932011,0.4805023,0.4326013,0.4822648,0.5802521,0.6800827,0.4413778,0.6820721,0.5898716,0.8798512,0.4683844,0.8802403,1,0,0
0.5020198,0.2047316,0.5426994,0.1756598,0.4714755,0.1651456,0.5835527,0.2044871,0.4272245,0.1884231,0.6072772,0.4044009,0.4072778,0.4049241,0.7802349,0.3039736,0.2182694,0.3395344,0.5912996,0.2383728,0.4007537,0.2576842,0.579933,0.6025229,0.4433078,0.6016519,0.6026949,0.8012234,0.4683545,0.8000774,0.4787868,0.6442305,0.3693144,0.9738331,0,1,0
0.5150259,0.08831147,0.5531383,0.05594722,0.4789955,0.05364428,0.593262,0.08578156,0.438621,0.08313842,0.6005322,0.2863035,0.4005542,0.2892694,0.7675643,0.1763023,0.2247023,0.1940007,0.5761341,0.1183843,0.4130577,0.1267532,0.585622,0.4857469,0.4283707,0.4873255,0.5718404,0.6852716,0.4345168,0.6872311,0.5641572,0.8851239,0.4373734,0.8872107,1,0,0
0.5157858,0.2021444,0.5528138,0.1685449,0.4806531,0.1665677,0.5943052,0.196446,0.4375334,0.1918795,0.6029257,0.4043382,0.4029936,0.3991272,0.7821177,0.3155114,0.2150497,0.3307378,0.6049587,0.2226962,0.4031764,0.2628532,0.5845597,0.6034932,0.4388222,0.5958918,0.5697266,0.8029423,0.4126461,0.7941714,0.452053,0.6412237,0.6119083,0.811334,0,1,0
0.5000201,0.08505087,0.537688,0.05217035,0.4673154,0.04723022,0.5793467,0.07982104,0.4316175,0.08223967,0.6012521,0.2836615,0.4012713,0.2864325,0.7627339,0.165663,0.2293588,0.1842264,0.5719703,0.1055859,0.4099971,0.09837884,0.5855088,0.483041,0.4304738,0.4842891,0.5692157,0.6823762,0.440287,0.6840482,0.5794625,0.8821136,0.4616944,0.8828992,1,0,0
0.4950154,0.1824425,0.5318462,0.148627,0.4565928,0.1504471,0.5739473,0.1755991,0.4169396,0.180904,0.6051149,0.3741707,0.4057559,0.3901711,0.7615359,0.2495414,0.2551067,0.5217189,0.5654065,0.2103843,0.321022,0.3328931,0.5844744,0.5731028,0.4424148,0.5867827,0.5972012,0.7726975,0.4672821,0.7852307,0.5405747,0.5808814,0.3984189,0.5974599,0,1,0
0.5075529,0.08465277,0.5463856,0.05315641,0.4712044,0.05031935,0.5886455,0.07987924,0.4380632,0.08775814,0.6207012,0.2831495,0.4207127,0.2852899,0.7795519,0.1616322,0.2457436,0.1884095,0.5901979,0.09725001,0.4341446,0.1212899,0.6072752,0.4826984,0.4489104,0.4832922,0.5912277,0.6820536,0.4485852,0.6832919,0.5821263,0.8818464,0.4572387,0.8831046,1,0,0
0.522595,0.2069402,0.5587403,0.1723928,0.4890684,0.1698462,0.599383,0.2015162,0.4463418,0.1958162,0.6048175,0.4100453,0.4049688,0.4022652,0.787946,0.3296467,0.217684,0.3320911,0.615271,0.228734,0.4060838,0.2649681,0.5844635,0.6090069,0.4398474,0.5992004,0.5770197,0.8088683,0.411239,0.7971437,0.5230724,0.6162814,0.609124,0.8261526,0,1,0
0.5004305,0.08134244,0.5388191,0.04930638,0.4673979,0.04380777,0.5787774,0.07936187,0.4316208,0.07873623,0.5947387,0.284406,0.3948375,0.2781197,0.7597483,0.1713934,0.2309068,0.1635477,0.5666738,0.1192184,0.4244028,0.1129581,0.5806813,0.4839114,0.4288242,0.4752108,0.5636774,0.6831872,0.4370837,0.6750402,0.5763927,0.8827826,0.4672448,0.8727529,1,0,0
0.5060048,0.2030667,0.5469689,0.1743972,0.4715506,0.1668326,0.5859884,0.2056618,0.4281643,0.1916848,0.5984771,0.4075089,0.3986869,0.3983489,0.768262,0.3018062,0.2141046,0.3213464,0.5958808,0.2003925,0.4071318,0.2689965,0.5789945,0.6065577,0.4341581,0.5951782,0.5937355,0.8060137,0.4619835,0.7932332,0.4254783,0.6978956,0.618296,0.6684677,0,1,0
0.5198165,0.08353581,0.5595143,0.05313699,0.4846515,0.04799112,0.5977592,0.08534448,0.4412592,0.07283267,0.6050842,0.2830817,0.4050843,0.2829033,0.7694014,0.1690648,0.2359424,0.1761746,0.5774729,0.1128203,0.4290662,0.1241822,0.585814,0.4821512,0.4345296,0.4807238,0.5764374,0.6819313,0.4352941,0.6807224,0.5585507,0.8811299,0.4382458,0.8807006,1,0,0
0.525102,0.2107775,0.5645717,0.1800832,0.4925327,0.1728402,0.6053113,0.2090708,0.4488319,0.197135,0.6152501,0.4139854,0.415369,0.4070899,0.8127286,0.3823278,0.2303536,0.331134,0.713074,0.2089238,0.4125215,0.248582,0.5959711,0.613054,0.4572473,0.6026562,0.5999337,0.8130147,0.423191,0.7997353,0.4658371,0.6646298,0.6181495,0.8443579,0,1,0
0.5017413,0.08657607,0.5414966,0.05625252,0.4693706,0.0484692,0.5817032,0.08597512,0.4322058,0.08191739,0.5999243,0.2887421,0.3999716,0.284394,0.7653702,0.1763693,0.2329433,0.174387,0.5764852,0.1106242,0.427478,0.1279516,0.5914206,0.4885612,0.4289281,0.4822867,0.5743581,0.6878321,0.4367784,0.6821326,0.593406,0.886923,0.4673572,0.8797811,1,0,0
0.5070501,0.1862554,0.5453451,0.1541074,0.4745287,0.148277,0.5846806,0.1849736,0.4302419,0.1714865,0.5928577,0.3785365,0.3933816,0.3930028,0.7704093,0.2864745,0.1933971,0.3954984,0.5913295,0.1974216,0.2638581,0.2083213,0.579545,0.5780929,0.4317152,0.5892948,0.5933195,0.7776181,0.4462735,0.7887642,0.4877416,0.6077554,0.57811,0.6383676,0,1,0
0.5197371,0.088093,0.5566049,0.05431779,0.4834125,0.05373427,0.5959209,0.08520882,0.4444114,0.08502191,0.6145345,0.2888567,0.4145414,0.2871941,0.7691431,0.161986,0.2421173,0.1858533,0.5746037,0.1155701,0.4311934,0.1206593,0.60351,0.4885526,0.4470325,0.4845373,0.5920572,0.6882244,0.4476596,0.6845363,0.568773,0.8868644,0.4479174,0.8845361,1,0,0
0.526245,0.1906525,0.5633687,0.1571588,0.4900315,0.1561767,0.6062918,0.1828028,0.4455312,0.1789742,0.6154188,0.3921668,0.4154514,0.3885536,0.8103363,0.3473654,0.2244462,0.3292493,0.6964328,0.1829695,0.4048876,0.2429887,0.601747,0.5916989,0.4563396,0.5843294,0.5937374,0.7915385,0.4227294,0.7814851,0.5986924,0.9914771,0.5275499,0.9518161,0,1,0
0.5057588,0.08530574,0.5443162,0.05347289,0.4703391,0.05001485,0.5851705,0.08229861,0.4355756,0.08595227,0.6142656,0.2842178,0.4142738,0.2860313,0.7779968,0.1693609,0.2466299,0.1769647,0.5903741,0.1000951,0.4400859,0.1262224,0.6010965,0.4837838,0.4458726,0.4835193,0.5871063,0.6832939,0.46044,0.6829881,0.605314,0.8824633,0.4846093,0.8815224,1,0,0
0.5054357,0.2254483,0.5453505,0.1953351,0.4753518,0.1855114,0.5887908,0.2200927,0.4274957,0.1999955,0.5972155,0.4308019,0.3975201,0.4197692,0.7787631,0.3468942,0.2080384,0.3557639,0.6238622,0.2203805,0.3881392,0.2687944,0.5819353,0.6302174,0.4354993,0.61613,0.6007017,0.829335,0.4471056,0.8157929,0.4284432,0.7277131,0.6357517,0.7493653,0,1,0
0.5210783,0.09028812,0.5625018,0.06228645,0.485574,0.05508239,0.6007627,0.09447503,0.4434226,0.08197597,0.6119984,0.2919006,0.4120314,0.2882647,0.7794137,0.1824834,0.2404906,0.1854359,0.5911118,0.1150861,0.4286227,0.117566,0.5911735,0.4908134,0.4406689,0.4862038,0.590607,0.6908126,0.4441895,0.6861728,0.5652573,0.8891996,0.4483311,0.88613,1,0,0
0.5260882,0.221287,0.5644027,0.1891623,0.4925635,0.1841913,0.607378,0.2147186,0.4481466,0.2071508,0.6205913,0.4267465,0.4208974,0.4156847,0.8123851,0.3700444,0.2317063,0.3508255,0.6910422,0.2110604,0.4098853,0.2599837,0.5996864,0.6256509,0.4573109,0.6123419,0.5958168,0.8256135,0.4236957,0.8094968,0.432498,0.7101709,0.6218078,0.7820812,0,1,0
0.5021029,0.08201033,0.5403398,0.04979338,0.4666436,0.04675924,0.5813829,0.07834971,0.4317428,0.08256339,0.6021331,0.2830032,0.4021429,0.2810174,0.7641481,0.165738,0.235393,0.1705889,0.570823,0.1144992,0.4294272,0.1221044,0.5963692,0.4829202,0.4376979,0.4778317,0.5829379,0.6824687,0.4568276,0.6769147,0.6016966,0.881587,0.4719419,0.8763428,1,0,0
0.5144317,0.2141441,0.5523057,0.1815012,0.4805249,0.1773973,0.5942761,0.2086763,0.4357625,0.1996756,0.5955157,0.4156348,0.3955726,0.4108658,0.757323,0.2980831,0.2149285,0.3250304,0.5796252,0.2063035,0.4018294,0.2538402,0.5769345,0.6147698,0.4297921,0.6079166,0.5901263,0.8143342,0.445258,0.8073177,0.4088803,0.7297772,0.5279772,0.9894099,0,1,0
0.523631,0.08479632,0.5637992,0.05502196,0.4879567,0.04976278,0.60295,0.08612198,0.4455416,0.0762384,0.6043327,0.2856941,0.4043661,0.2820353,0.7631077,0.164078,0.2304994,0.1831901,0.5686332,0.117391,0.4228433,0.1283828,0.5919683,0.4853116,0.4360693,0.4795066,0.5830919,0.6851145,0.4361901,0.6795065,0.5745795,0.8849333,0.445076,0.8793091,1,0,0
0.5195787,0.2171963,0.5566636,0.1836596,0.4850308,0.1810516,0.5966438,0.2136859,0.442139,0.2067477,0.6004516,0.42381,0.4010154,0.408803,0.7921141,0.3666657,0.2110046,0.346386,0.6517308,0.2242138,0.3888082,0.2548115,0.5817336,0.6229321,0.4379363,0.6053656,0.5473556,0.8199553,0.3971114,0.8011546,0.544418,0.6199769,0.5970296,0.806873,0,1,0
0.4979014,0.08341564,0.5365856,0.0517371,0.4668878,0.0441963,0.5799958,0.07654752,0.4315181,0.07953729,0.6069982,0.2818954,0.4070154,0.2845211,0.7729908,0.1703316,0.2320325,0.1876657,0.5852892,0.1012798,0.4222765,0.1259631,0.5997071,0.4817625,0.4402723,0.4817367,0.5840343,0.6811475,0.4536605,0.6812881,0.6016042,0.8803742,0.4789451,0.8796834,1,0,0
0.5012161,0.1925976,0.5394589,0.1603875,0.4668177,0.1563105,0.5809838,0.1882385,0.4232413,0.1808278,0.6037867,0.3854847,0.4042904,0.3996706,0.7845646,0.2999314,0.2044116,0.4066317,0.6047503,0.212371,0.2870616,0.2245082,0.5825645,0.5843555,0.437165,0.5969503,0.5948791,0.7839761,0.4469059,0.7967129,0.4499453,0.9217955,0.4358158,0.9964052,0,1,0
0.5121136,0.08775893,0.5475991,0.05253429,0.4758222,0.05336512,0.5899654,0.079088,0.4409834,0.08922958,0.6255853,0.2861472,0.4255987,0.2884613,0.7855098,0.1660466,0.2535347,0.1865104,0.5966368,0.1002666,0.443237,0.1231618,0.6083153,0.4854001,0.4532134,0.4865457,0.5993413,0.6851987,0.4572879,0.6865042,0.583414,0.8845635,0.4550823,0.886492,1,0,0
0.5174036,0.218279,0.5548927,0.1851947,0.4829225,0.1820705,0.5961229,0.2134801,0.4395436,0.2069357,0.6082473,0.4229719,0.4084872,0.4131775,0.8055016,0.4559979,0.2165018,0.3571276,0.727501,0.2718352,0.3971545,0.2713102,0.5906442,0.6221957,0.4479901,0.6092376,0.5901104,0.822195,0.4085694,0.8053141,0.4772551,0.6570778,0.53397,0.9611174,0,1,0
0.5021571,0.08799344,0.5408009,0.05626557,0.4680015,0.05147773,0.581146,0.08579977,0.4306615,0.08473016,0.5947558,0.2864529,0.3947755,0.2892607,0.7608469,0.1750358,0.2198432,0.192314,0.5724756,0.1078327,0.4123952,0.1382424,0.5849205,0.4862109,0.4281082,0.4864635,0.5811337,0.6861751,0.4432481,0.6858897,0.6030358,0.8849722,0.4689017,0.8842376,1,0,0
0.5061206,0.2222909,0.5412753,0.1867361,0.4748167,0.1833028,0.5850912,0.2108227,0.4255738,0.1919709,0.576329,0.4236086,0.3764543,0.4165295,0.7425932,0.3124501,0.187878,0.3499037,0.5592901,0.2324501,0.37835,0.2889084,0.5616499,0.6230692,0.4176463,0.6122416,0.5843192,0.8217803,0.4352006,0.8114697,0.4575766,0.6670666,0.6270938,0.7551048,0,1,0
0.5133843,0.07682796,0.5508717,0.04374178,0.4795373,0.0400261,0.5919168,0.07229532,0.4432107,0.07438277,0.6147327,0.2794217,0.4148003,0.2742247,0.6976982,0.4614018,0.3479526,0.4627224,0.5313307,0.3503979,0.495707,0.3279313,0.5890775,0.4777694,0.4495212,0.4711878,0.5841105,0.6777077,0.4661031,0.6704992,0.5729964,0.8773987,0.4831289,0.8697732,1,0,0
0.5176371,0.2004167,0.5547478,0.1669084,0.482219,0.1651243,0.5938217,0.198105,0.4457585,0.1993388,0.62569,0.4027714,0.4257534,0.397735,0.7013938,0.5878901,0.3799064,0.5924092,0.520243,0.5031292,0.5016553,0.433736,0.5845553,0.5984955,0.4608123,0.5946382,0.5634885,0.7973828,0.4329268,0.7926847,0.364475,0.7775426,0.6287881,0.752208,0,1,0
0.4985077,0.07500616,0.5370953,0.04320998,0.4625265,0.04028794,0.5755595,0.07515533,0.4285848,0.0770025,0.6016706,0.2811055,0.4020464,0.2688507,0.6653408,0.4707001,0.3467353,0.4610503,0.5045992,0.3516954,0.4706315,0.304048,0.5687197,0.4783725,0.4388178,0.4654413,0.5665877,0.6783611,0.463998,0.6638498,0.5797486,0.8779277,0.4894735,0.8622207,1,0,0
0.501566,0.1800007,0.5406856,0.1488614,0.4628839,0.1483196,0.5807492,0.1787765,0.4255975,0.1816322,0.5976053,0.3857912,0.397945,0.3741384,0.6527958,0.5780255,0.3515423,0.5686809,0.4984832,0.4507948,0.4793428,0.41484,0.5667013,0.5833891,0.4444354,0.56866,0.5840886,0.7826319,0.4489917,0.7686081,0.3867671,0.7500095,0.6250814,0.8634363,0,1,0
0.5106128,0.07553524,0.5471162,0.04136645,0.4739757,0.04150989,0.5869638,0.07156859,0.4427338,0.08054756,0.6196833,0.2811327,0.4200212,0.2695107,0.693303,0.4670901,0.3559914,0.4589841,0.5430983,0.3350349,0.4891044,0.3097161,0.5901381,0.4789384,0.4544791,0.46652,0.5770999,0.6785129,0.4577766,0.6664928,0.5574458,0.8775449,0.4625391,0.8664361,1,0,0
0.5199881,0.1915243,0.5595072,0.1608936,0.4802679,0.1611549,0.5965003,0.1945316,0.4437242,0.1952805,0.619328,0.3949778,0.4194473,0.388069,0.6945143,0.5803073,0.3835399,0.5848193,0.5142607,0.4936548,0.5188842,0.4375714,0.5863477,0.5922399,0.4582307,0.5842726,0.5933007,0.792119,0.4286945,0.7820796,0.4295977,0.6772219,0.6274313,0.7596361,0,1,0
0.4905025,0.07554854,0.5284738,0.04301884,0.4540616,0.04131315,0.5682868,0.07326652,0.4215809,0.07932639,0.5948275,0.2811958,0.3951524,0.2698006,0.6466199,0.4743733,0.3454595,0.4635288,0.5025807,0.3356191,0.4669544,0.3046609,0.5654417,0.4790252,0.430544,0.4666443,0.560082,0.6789533,0.4501559,0.6656804,0.5830341,0.877632,0.490508,0.8615674,1,0,0
0.5018063,0.1896515,0.5420699,0.1600063,0.4653222,0.1554621,0.580746,0.1916948,0.4258922,0.1862074,0.5982097,0.3926902,0.398304,0.3865498,0.6623242,0.582135,0.3574676,0.5823364,0.4880009,0.4840974,0.4821484,0.4259564,0.562846,0.5895389,0.4496691,0.5798414,0.5805381,0.7887548,0.4741797,0.7783338,0.3937553,0.7172552,0.6741391,0.7743076,0,1,0
0.5102852,0.0782463,0.5451922,0.04244823,0.4714762,0.04672074,0.5865133,0.0706008,0.4365507,0.08250077,0.6093934,0.2834639,0.409666,0.2730259,0.6893355,0.4667922,0.3576968,0.4661559,0.529054,0.3471685,0.5052512,0.3311459,0.5811869,0.4814649,0.4493171,0.469056,0.56477,0.6807899,0.4586739,0.668837,0.5340005,0.8784089,0.4493557,0.8686198,1,0,0
0.5156474,0.2024076,0.5542452,0.1706237,0.4773531,0.1702587,0.595394,0.1990276,0.4389248,0.2022472,0.6236044,0.4056363,0.4237192,0.3988576,0.6941206,0.5927925,0.3822019,0.594501,0.5109932,0.5123913,0.5119373,0.4422881,0.5848625,0.6018481,0.459253,0.5956757,0.5967989,0.8014916,0.4236493,0.7924811,0.3968796,0.8071731,0.6236243,0.7956393,0,1,0
0.4904776,0.07814833,0.5303653,0.04799918,0.4544853,0.04344167,0.571422,0.0765359,0.4282931,0.08603241,0.6067313,0.2905587,0.4084667,0.2642695,0.6423838,0.4873553,0.3434392,0.4534028,0.4948719,0.352299,0.4859764,0.3131062,0.563373,0.4858023,0.4339789,0.4626356,0.557355,0.6857117,0.4541072,0.6616202,0.5810122,0.8843077,0.495895,0.8572059,1,0,0
0.4973464,0.212534,0.5375776,0.1828447,0.4567797,0.1833049,0.5760902,0.2147318,0.4171562,0.2138004,0.5890471,0.4132,0.3890541,0.4115238,0.6499853,0.6036903,0.3549975,0.6086029,0.469225,0.5180998,0.498934,0.4697422,0.5589787,0.6109269,0.441558,0.6045092,0.5822265,0.8095711,0.4606351,0.8035973,0.3883393,0.7605021,0.6560674,0.7610978,0,1,0
0.5045142,0.07785071,0.540488,0.04312484,0.4638005,0.04882675,0.5822772,0.0705777,0.433878,0.08888482,0.6222177,0.2780875,0.4222282,0.2760428,0.6872548,0.4672175,0.3620395,0.4667712,0.5354649,0.3369876,0.4975195,0.3196483,0.5843439,0.4744687,0.4549059,0.4733552,0.5761719,0.6743017,0.450453,0.6733056,0.5578004,0.8734561,0.4455823,0.8732463,1,0,0
0.5213995,0.1813219,0.5612484,0.1511215,0.4803205,0.1528173,0.5990046,0.1839007,0.4430704,0.1861704,0.6208106,0.3848633,0.420936,0.3777792,0.6903151,0.5723976,0.387886,0.5750296,0.5065666,0.493426,0.5201684,0.425025,0.5860267,0.5818152,0.4585442,0.5742115,0.6080858,0.780595,0.4250253,0.7713827,0.4085566,0.7668793,0.6026371,0.6794369,0,1,0
0.4944303,0.069819,0.5375098,0.04443876,0.4565577,0.03717451,0.5749372,0.07759279,0.4228324,0.07408798,0.5941277,0.2782422,0.3948384,0.2613959,0.6410002,0.472672,0.3359884,0.4525416,0.4891658,0.342494,0.4733201,0.3071455,0.5609346,0.4754685,0.4265285,0.4588693,0.5503412,0.6751878,0.4446308,0.6580484,0.5540815,0.8751528,0.4749304,0.8557399,1,0,0
0.5053006,0.2013663,0.5451851,0.1712128,0.4660581,0.170382,0.5850523,0.2013891,0.4262568,0.200645,0.5992014,0.4053641,0.3993686,0.3971874,0.6657044,0.5939837,0.3524755,0.5916123,0.4691717,0.5569041,0.5255201,0.491335,0.5625482,0.6019768,0.4461382,0.5916421,0.5766792,0.801477,0.4752871,0.7895066,0.3829163,0.7519197,0.6720794,0.7538307,0,1,0
0.5127926,0.0766017,0.5502123,0.04343899,0.4783348,0.04037099,0.591279,0.07196148,0.4457987,0.07833673,0.6264035,0.2816839,0.4267125,0.270571,0.688275,0.471873,0.3631847,0.4602134,0.5322511,0.3467469,0.4955893,0.3103166,0.5904868,0.4784324,0.4570801,0.4682521,0.5702467,0.6774057,0.4595964,0.6682363,0.5446559,0.8757617,0.4563976,0.8682107,1,0,0
0.5389864,0.204603,0.5785851,0.1740752,0.5015219,0.1714909,0.617954,0.2048987,0.4612865,0.2011744,0.6287399,0.4100157,0.4290613,0.3986814,0.6812919,0.6029879,0.3872761,0.5942677,0.4985566,0.5216994,0.5439095,0.4699056,0.5848763,0.6051463,0.4672029,0.5950108,0.5937417,0.8049498,0.4399891,0.7931507,0.4067303,0.7340503,0.6399884,0.793707,0,1,0
0.4963182,0.0754084,0.5363846,0.04549719,0.4597839,0.04127276,0.5738552,0.07860249,0.4244102,0.07660976,0.5881075,0.284783,0.3890168,0.2657329,0.6267495,0.4810145,0.3338799,0.4579825,0.4793863,0.3457959,0.4605307,0.3031937,0.5518873,0.4814759,0.4175819,0.4636825,0.5423477,0.6812483,0.4395677,0.6624703,0.5525874,0.880986,0.4646431,0.8608922,1,0,0
0.5054477,0.1935515,0.5447332,0.1626216,0.4691724,0.1591407,0.5838596,0.1937524,0.4299383,0.1901356,0.6055674,0.3981076,0.4057751,0.3889951,0.6791049,0.5840976,0.3744229,0.5865223,0.4852567,0.5348749,0.5230328,0.452675,0.571028,0.5951027,0.4517394,0.5836416,0.5857063,0.7945633,0.4764394,0.7821105,0.3860982,0.7820491,0.6422045,0.6702091,0,1,0
0.510111,0.07078604,0.5492546,0.0396769,0.4711035,0.03950631,0.5908301,0.06745239,0.4347494,0.07383382,0.6102927,0.2763652,0.4106043,0.2652063,0.6833546,0.4625424,0.363649,0.4596162,0.5209498,0.3458177,0.5103326,0.3236606,0.5805925,0.4741476,0.4503496,0.4612173,0.5595285,0.6730353,0.4560231,0.6611369,0.5353222,0.8715651,0.4515533,0.8610869,1,0,0
0.5219429,0.197583,0.5591536,0.164186,0.4862841,0.1625337,0.5975334,0.1962326,0.4490057,0.1958552,0.6248008,0.4035678,0.4251621,0.3915522,0.6934426,0.5914196,0.3891198,0.5882778,0.5002097,0.5398344,0.5367835,0.4533872,0.5864888,0.599864,0.4645922,0.5876268,0.5902927,0.7998278,0.4392136,0.7860101,0.3904147,0.7928447,0.6388865,0.7745745,0,1,0
0.4949072,0.06958685,0.5360072,0.04111239,0.4562119,0.03792182,0.5733764,0.07433198,0.4201638,0.07257052,0.5909209,0.2783881,0.3917028,0.260721,0.6341048,0.4736703,0.3350256,0.4525222,0.4882619,0.3368132,0.4743679,0.3090519,0.5577437,0.4756171,0.4254283,0.457857,0.5553695,0.675603,0.452061,0.6560758,0.551275,0.8755611,0.4771076,0.8545012,1,0,0
0.5027595,0.2103889,0.5442319,0.1824598,0.4674155,0.1750222,0.5823373,0.2148323,0.430159,0.2083682,0.6033969,0.4161097,0.4037246,0.4046649,0.6675087,0.6055555,0.3573124,0.5992052,0.4720769,0.5630533,0.5283499,0.4955414,0.5628471,0.6119559,0.4541614,0.5982008,0.5864338,0.8105602,0.4766937,0.7969275,0.3871158,0.8270622,0.6762227,0.8106449,0,1,0
0.5101402,0.06827152,0.5481892,0.03583275,0.4730329,0.0347596,0.5885243,0.06538064,0.4328908,0.06456918,0.59905,0.2770973,0.3998818,0.2588756,0.6626136,0.4667277,0.3594474,0.4547456,0.509396,0.3381806,0.4962177,0.3088214,0.5603617,0.4733197,0.4359701,0.4555928,0.5454478,0.6727629,0.4422375,0.6554945,0.5457394,0.8727627,0.4561098,0.8550128,1,0,0
0.5239133,0.1958456,0.5646498,0.1668536,0.487177,0.1619275,0.5996507,0.2025599,0.453706,0.1990717,0.6266802,0.3998394,0.4268414,0.3918113,0.68488,0.591184,0.3932118,0.5889637,0.4965195,0.5239506,0.5299303,0.4429908,0.5866271,0.5957877,0.4635432,0.588415,0.5669602,0.7948184,0.4216156,0.7839708,0.3767529,0.7330024,0.6215056,0.7773395,0,1,0
0.5032728,0.0667868,0.5439965,0.03777681,0.466055,0.03339761,0.583079,0.06896267,0.4309296,0.06898138,0.5961933,0.2768936,0.3972394,0.256465,0.6318026,0.473698,0.3444631,0.449376,0.4979357,0.3251057,0.4696834,0.2934277,0.553262,0.4722315,0.4288135,0.453957,0.5464512,0.6721155,0.4471017,0.6531191,0.5535325,0.8719901,0.4648245,0.8523323,1,0,0
0.5049713,0.1991745,0.5460549,0.1706765,0.471515,0.1620171,0.5804877,0.2069309,0.4309217,0.1912093,0.5970787,0.4056953,0.3975238,0.3923594,0.6674065,0.5929224,0.3529609,0.5873317,0.4747875,0.5390902,0.5269306,0.4886678,0.5585626,0.6019516,0.4403745,0.587715,0.5836194,0.8003758,0.4621148,0.7865299,0.3836334,0.7980104,0.6617804,0.7749689,0,1,0
0.5050037,0.06984534,0.5434398,0.0378662,0.4658515,0.03874705,0.584746,0.06604066,0.431262,0.074852,0.6118994,0.2739654,0.4120795,0.2654812,0.6952525,0.4557683,0.3696121,0.4609205,0.5261065,0.3490461,0.5157838,0.3244147,0.5857626,0.4722502,0.4512689,0.4616041,0.5654805,0.6712192,0.455922,0.6615499,0.5514962,0.8707297,0.4619414,0.8614593,1,0,0
0.5112654,0.1798956,0.5491759,0.1472951,0.4751381,0.1453294,0.5873818,0.1795489,0.4389154,0.1797957,0.6128713,0.3839688,0.4130379,0.3758082,0.6894713,0.5687184,0.3852539,0.5738689,0.496122,0.5175712,0.5055882,0.4141201,0.5826667,0.5816748,0.4515151,0.572072,0.5856721,0.7816522,0.4205844,0.7696658,0.4277807,0.6588911,0.2551301,0.6573053,0,1,0
0.4984279,0.06581277,0.5392264,0.03690801,0.4623395,0.03120602,0.5787036,0.06759257,0.4219162,0.06063315,0.5840517,0.2748416,0.384959,0.2558135,0.6291047,0.4697011,0.3289957,0.4478242,0.4864644,0.3295094,0.4622185,0.2986542,0.5492213,0.4717854,0.4192101,0.4528588,0.5494525,0.6717852,0.4463404,0.6510102,0.5707755,0.8706453,0.4694221,0.8496737,1,0,0
0.5049038,0.1933671,0.545894,0.1647348,0.4692519,0.1583108,0.5849543,0.1959484,0.4300955,0.1894038,0.6008314,0.3997103,0.401239,0.3869491,0.6721206,0.5865735,0.3544714,0.5814042,0.4858242,0.5138159,0.5345978,0.4944876,0.5627467,0.5960507,0.4455658,0.581975,0.5764526,0.7955805,0.4607591,0.7813971,0.3772553,0.7776806,0.6101084,0.6483753,0,1,0
0.5103595,0.06832632,0.5464836,0.0337568,0.475982,0.03201953,0.5885166,0.06083494,0.4404638,0.06721132,0.6154857,0.2746607,0.4158964,0.2618498,0.683356,0.4627926,0.3640042,0.4550005,0.531714,0.3323906,0.4853418,0.2960125,0.5820306,0.4718427,0.4513954,0.4586741,0.569984,0.6714796,0.4561702,0.6586171,0.5702279,0.8714795,0.4586389,0.8586019,1,0,0
0.5121022,0.1922548,0.553471,0.1641723,0.4746912,0.1590824,0.5904955,0.1977758,0.43669,0.1915771,0.6188366,0.3988957,0.4192944,0.3853713,0.6799488,0.5893303,0.3856524,0.5825216,0.4977503,0.5068457,0.5081477,0.4244238,0.5772642,0.5945274,0.4552363,0.5821153,0.5829453,0.7944466,0.4259857,0.7799647,0.3837586,0.7764285,0.6175331,0.7224356,0,1,0
0.4920529,0.0649026,0.5331919,0.03648464,0.4549509,0.03138483,0.5732581,0.06639616,0.4154664,0.06206013,0.5902615,0.2717371,0.3907299,0.258056,0.6248822,0.4687178,0.3376052,0.4508714,0.5003747,0.3121998,0.4629526,0.2950252,0.5588238,0.4692508,0.4266863,0.4547973,0.5582464,0.66925,0.4530866,0.6530472,0.5763952,0.8684249,0.4751564,0.8518258,1,0,0
0.5075092,0.1896226,0.5470585,0.1590308,0.4701643,0.1563756,0.5846903,0.1919526,0.4330226,0.1898494,0.6025268,0.3979151,0.4032246,0.3812226,0.6735317,0.5848866,0.3618536,0.5768969,0.4972365,0.4904409,0.5000629,0.4323348,0.5675747,0.5948373,0.4457965,0.5766392,0.5793731,0.794489,0.4613245,0.7760355,0.386301,0.7423051,0.6607002,0.7602457,0,1,0
0.5120013,0.06864494,0.550694,0.03697679,0.4743476,0.03574812,0.597258,0.05519207,0.4476352,0.07801451,0.6395874,0.2686847,0.4396256,0.2647766,0.6949784,0.4608613,0.3804627,0.4558257,0.545971,0.3274566,0.510505,0.3038751,0.6009328,0.4649137,0.4707606,0.4623383,0.5853488,0.6643056,0.4700857,0.6623372,0.5850992,0.8643054,0.4722375,0.8623256,1,0,0
0.5226395,0.1972138,0.5609278,0.1650578,0.4867237,0.1624279,0.598754,0.197756,0.4499074,0.1962593,0.6313301,0.4011029,0.4314968,0.3929395,0.6848512,0.5938087,0.3873484,0.588006,0.5078475,0.5006974,0.5312726,0.4491326,0.5907539,0.5969436,0.4728448,0.5886188,0.6099958,0.7960159,0.4370111,0.7853824,0.4102027,0.7869222,0.6369065,0.7789136,0,1,0
0.4953671,0.06476811,0.5356403,0.03513595,0.4580025,0.03154325,0.5778947,0.06186731,0.4215662,0.06578352,0.5986135,0.2703522,0.3989288,0.259126,0.6452712,0.4648337,0.3385804,0.4498039,0.5094346,0.31804,0.4634708,0.2935912,0.567715,0.4679511,0.436131,0.4556355,0.5633515,0.6679035,0.4574869,0.6544921,0.5832429,0.8669119,0.4740853,0.8538022,1,0,0
0.5024495,0.1837803,0.5420799,0.1532937,0.4643544,0.1513957,0.5806311,0.185134,0.4257447,0.1831651,0.5966681,0.38967,0.3970246,0.3777336,0.6665701,0.5770566,0.3452456,0.5709146,0.4877164,0.4875505,0.4986656,0.4426091,0.5598841,0.5862583,0.4393524,0.5732031,0.5820782,0.785023,0.4486316,0.7729878,0.3862174,0.7445441,0.6483272,0.7619578,0,1,0
0.5093528,0.068551,0.5506727,0.04039657,0.4747595,0.03244971,0.5955243,0.06249472,0.451042,0.07646653,0.6370844,0.2709326,0.4372717,0.2622793,0.6940676,0.4626431,0.3769211,0.4529565,0.5395033,0.3357183,0.4882014,0.2867738,0.5981922,0.4671146,0.4662348,0.460171,0.584551,0.6666489,0.4659402,0.6601709,0.57752,0.8665252,0.4673602,0.8601658,1,0,0
0.5212382,0.189827,0.5614108,0.1600586,0.4828343,0.1578091,0.5976742,0.1944819,0.4481263,0.1938002,0.6281174,0.3941515,0.4283153,0.3852589,0.6875737,0.5851095,0.3875162,0.5810533,0.5092473,0.4945574,0.509001,0.4221777,0.5873418,0.5899508,0.4655948,0.5817538,0.5925149,0.7898839,0.4383484,0.7798892,0.3944849,0.7618818,0.6367516,0.7546672,0,1,0
0.4940711,0.06180159,0.5379385,0.03780884,0.4555752,0.0298944,0.5767771,0.06929795,0.4140031,0.05767497,0.5879589,0.2687508,0.3884545,0.2546803,0.6261386,0.4650728,0.3292783,0.4457253,0.5041783,0.3065619,0.4571114,0.2919115,0.5570946,0.466355,0.4251023,0.451294,0.5663955,0.6661386,0.4506388,0.649657,0.5676329,0.8661348,0.469938,0.8487237,1,0,0
0.5005701,0.2025058,0.5421456,0.1747304,0.4646398,0.1677349,0.5810456,0.2061436,0.4255285,0.1988847,0.5991136,0.4074222,0.3993559,0.3975805,0.6705852,0.5942157,0.3300912,0.5852035,0.4869167,0.5150583,0.4914347,0.467016,0.5595893,0.6034778,0.442233,0.5929304,0.589569,0.8012182,0.4621291,0.7919383,0.3970336,0.7470877,0.6611308,0.7719811,0,1,0
0.5124264,0.07641428,0.5523388,0.04629781,0.4730864,0.04555392,0.5971075,0.06856353,0.4432997,0.08571305,0.6343172,0.2807808,0.4346294,0.26961,0.6863892,0.4738832,0.3758013,0.4607624,0.534735,0.3434953,0.4906532,0.2970277,0.5893152,0.4756522,0.4633234,0.4675409,0.5762682,0.6752262,0.4577962,0.6674645,0.5638867,0.8748425,0.4534416,0.8674171,1,0,0
0.5272677,0.2025499,0.5705905,0.1775873,0.4904264,0.1687458,0.6063403,0.2125437,0.4533308,0.2022706,0.62986,0.4073453,0.4300918,0.3977178,0.6791442,0.6011779,0.3831661,0.5921348,0.5071935,0.499036,0.5264497,0.4526005,0.5894589,0.6032222,0.4697861,0.5937392,0.6589796,0.7907505,0.4092622,0.7843615,0.4591668,0.7820979,0.6091487,0.7776256,0,1,0
0.500343,0.06058502,0.5409238,0.0313754,0.4635526,0.02672553,0.5867247,0.05143216,0.4197107,0.05076486,0.5937014,0.2725807,0.3951668,0.2484148,0.6209655,0.4707136,0.3459983,0.4422767,0.4865409,0.3226257,0.4621645,0.2794719,0.5483251,0.4673651,0.4291341,0.4455092,0.5601976,0.6670125,0.4600132,0.6431111,0.5619138,0.8670051,0.4856168,0.8414654,1,0,0
0.4942541,0.2014422,0.5304139,0.16691,0.4589615,0.1660243,0.5714012,0.1955464,0.4234057,0.2011781,0.5964332,0.4075352,0.3968065,0.3953212,0.6490762,0.6004826,0.3414091,0.5874959,0.4569108,0.545053,0.5107056,0.4810126,0.5552074,0.6032401,0.4413828,0.5902903,0.6123345,0.7949078,0.4681771,0.7884873,0.4123396,0.7934738,0.6681064,0.7831739,0,1,0
0.5019287,0.07093799,0.5419037,0.04090471,0.4684038,0.03384244,0.5906128,0.05219308,0.4266186,0.06130149,0.6262645,0.2732452,0.4264091,0.2656409,0.6877272,0.4635668,0.3783702,0.4597859,0.5436706,0.3248307,0.4810611,0.2881625,0.5953878,0.4708474,0.4676751,0.4613374,0.5833503,0.6704848,0.4723295,0.6612833,0.5627562,0.8694217,0.4663447,0.8611937,1,0,0
0.5180971,0.1986705,0.5592462,0.1702672,0.4862212,0.1601488,0.5934364,0.2067505,0.4476031,0.1919079,0.6176982,0.4064726,0.4183078,0.3908684,0.6792391,0.596769,0.377217,0.5866017,0.4884411,0.5368015,0.5134146,0.4401428,0.5809879,0.6030746,0.4517427,0.5880539,0.5701699,0.8027818,0.3981989,0.7807533,0.3758262,0.7555536,0.5981253,0.7753274,0,1,0
